<?xml version = '1.0' encoding = 'UTF-8'?>
<Entity class="oracle.dbtools.crest.model.design.logical.Entity" directorySegmentName="seg_0" id="0DCC4DF8-4599-0CE6-6B1C-9F2FE4A70BF3" name="Pais">
<createdBy>oracle</createdBy>
<createdTime>2020-03-20 14:00:17 UTC</createdTime>
<ownerDesignName>Grupo</ownerDesignName>
<adequatelyNormalized>NO</adequatelyNormalized>
<expectedVolumes>0</expectedVolumes>
<fwdEngineeringStrategyName>Single Table</fwdEngineeringStrategyName>
<growthPercent>0</growthPercent>
<growthType>Year</growthType>
<maxVolumes>9999999</maxVolumes>
<minVolumes>0</minVolumes>
<normalForm>Third</normalForm>
<attributes itemClass="oracle.dbtools.crest.model.design.logical.Attribute">
<Attribute name="Id_Pais" id="69833667-BF82-F231-B42F-F8D0C8D4FB5D">
<createdBy>oracle</createdBy>
<createdTime>2020-03-20 14:00:17 UTC</createdTime>
<ownerDesignName>Grupo</ownerDesignName>
<importedID>01B2E604-F7A9-EAF2-DC8E-6487BD1B0E1E</importedID>
<useDomainConstraints>false</useDomainConstraints>
<use>1</use>
<ownDataTypeParameters>,,</ownDataTypeParameters>
</Attribute>
<Attribute name="Nombre_Pais" id="7FDF9A20-FC76-993B-00AA-687CF4854BD1">
<createdBy>oracle</createdBy>
<createdTime>2020-03-20 14:00:17 UTC</createdTime>
<ownerDesignName>Grupo</ownerDesignName>
<importedID>C7F1C4F5-794C-162A-B4BC-B3DFA034C073</importedID>
<nullsAllowed>true</nullsAllowed>
<useDomainConstraints>false</useDomainConstraints>
<use>1</use>
<logicalDatatype>LOGDT024</logicalDatatype>
<dataTypeSize>100</dataTypeSize>
<ownDataTypeParameters>100,,</ownDataTypeParameters>
</Attribute>
</attributes>
<identifiers itemClass="oracle.dbtools.crest.model.design.logical.CandidateKey">
<identifier id="34D56854-8A52-9D1F-5A66-EBD826C0DD89" name="Pais PK">
<createdBy>oracle</createdBy>
<createdTime>2020-03-20 14:00:17 UTC</createdTime>
<ownerDesignName>Grupo</ownerDesignName>
<pk>true</pk>
<usedAttributes>
<attributeRef>69833667-BF82-F231-B42F-F8D0C8D4FB5D</attributeRef>
</usedAttributes>
</identifier>
</identifiers>
</Entity>