<?xml version = '1.0' encoding = 'UTF-8'?>
<Entity class="oracle.dbtools.crest.model.design.logical.Entity" directorySegmentName="seg_0" id="3768C3AD-2EE3-B892-ABD7-336E429A03D7" name="Ciudad">
<createdBy>oracle</createdBy>
<createdTime>2020-03-20 14:00:17 UTC</createdTime>
<ownerDesignName>Grupo</ownerDesignName>
<adequatelyNormalized>NO</adequatelyNormalized>
<expectedVolumes>0</expectedVolumes>
<fwdEngineeringStrategyName>Single Table</fwdEngineeringStrategyName>
<growthPercent>0</growthPercent>
<growthType>Year</growthType>
<maxVolumes>9999999</maxVolumes>
<minVolumes>0</minVolumes>
<normalForm>Third</normalForm>
<attributes itemClass="oracle.dbtools.crest.model.design.logical.Attribute">
<Attribute name="Id_Ciudad" id="34B6100E-C322-214B-0129-309984D900BB">
<createdBy>oracle</createdBy>
<createdTime>2020-03-20 14:00:17 UTC</createdTime>
<ownerDesignName>Grupo</ownerDesignName>
<importedID>84567C1E-B6CA-9631-4351-012DF2D9BD5D</importedID>
<useDomainConstraints>false</useDomainConstraints>
<use>1</use>
<logicalDatatype>LOGDT011</logicalDatatype>
<ownDataTypeParameters>,,</ownDataTypeParameters>
</Attribute>
<Attribute name="Nombre_Ciudad" id="B5110F54-B987-A66E-962F-DDD1475D2FC0">
<createdBy>oracle</createdBy>
<createdTime>2020-03-20 14:00:17 UTC</createdTime>
<ownerDesignName>Grupo</ownerDesignName>
<importedID>FD9ED098-FE00-B893-D86B-09C0F906BCB8</importedID>
<nullsAllowed>true</nullsAllowed>
<useDomainConstraints>false</useDomainConstraints>
<use>1</use>
<logicalDatatype>LOGDT024</logicalDatatype>
<dataTypeSize>100</dataTypeSize>
<ownDataTypeParameters>100,,</ownDataTypeParameters>
</Attribute>
</attributes>
<identifiers itemClass="oracle.dbtools.crest.model.design.logical.CandidateKey">
<identifier id="4D58CED1-DD8F-5508-5F5B-45C5A4E1196F" name="Ciudad PK">
<createdBy>oracle</createdBy>
<createdTime>2020-03-20 14:00:17 UTC</createdTime>
<ownerDesignName>Grupo</ownerDesignName>
<pk>true</pk>
<usedAttributes>
<attributeRef>34B6100E-C322-214B-0129-309984D900BB</attributeRef>
</usedAttributes>
</identifier>
</identifiers>
</Entity>