<?xml version = '1.0' encoding = 'UTF-8'?>
<Entity class="oracle.dbtools.crest.model.design.logical.Entity" directorySegmentName="seg_0" id="51587771-4ADC-A6E9-59C5-62D0CD39E9B6" name="Investigador_Grupo">
<createdBy>oracle</createdBy>
<createdTime>2020-03-20 14:10:30 UTC</createdTime>
<ownerDesignName>Grupo</ownerDesignName>
<adequatelyNormalized>NO</adequatelyNormalized>
<expectedVolumes>0</expectedVolumes>
<fwdEngineeringStrategyName>Single Table</fwdEngineeringStrategyName>
<growthPercent>0</growthPercent>
<growthType>Year</growthType>
<maxVolumes>9999999</maxVolumes>
<minVolumes>0</minVolumes>
<normalForm>Third</normalForm>
<attributes itemClass="oracle.dbtools.crest.model.design.logical.Attribute">
<Attribute name="Id_Investigador_Grupo" id="B93E1D53-4071-2D6B-F83C-7C20F337DD50">
<createdBy>oracle</createdBy>
<createdTime>2020-03-20 14:12:11 UTC</createdTime>
<ownerDesignName>Grupo</ownerDesignName>
<useDomainConstraints>false</useDomainConstraints>
<use>1</use>
<logicalDatatype>LOGDT011</logicalDatatype>
<ownDataTypeParameters>,,</ownDataTypeParameters>
</Attribute>
<Attribute name="Fecha_Vinculacion" id="928A830B-3452-510E-B3E5-584F20069C92">
<createdBy>oracle</createdBy>
<createdTime>2020-03-20 14:12:55 UTC</createdTime>
<ownerDesignName>Grupo</ownerDesignName>
<nullsAllowed>true</nullsAllowed>
<useDomainConstraints>false</useDomainConstraints>
<use>1</use>
<logicalDatatype>LOGDT007</logicalDatatype>
<ownDataTypeParameters>,,</ownDataTypeParameters>
</Attribute>
</attributes>
<identifiers itemClass="oracle.dbtools.crest.model.design.logical.CandidateKey">
<identifier id="34FCB742-0C19-1FD6-AAAC-EAD2AECB632E" name="Investigador_Grupo PK">
<createdBy>oracle</createdBy>
<createdTime>2020-03-20 14:12:50 UTC</createdTime>
<ownerDesignName>Grupo</ownerDesignName>
<pk>true</pk>
<usedAttributes>
<attributeRef>B93E1D53-4071-2D6B-F83C-7C20F337DD50</attributeRef>
</usedAttributes>
</identifier>
</identifiers>
</Entity>