<?xml version = '1.0' encoding = 'UTF-8'?>
<Entity class="oracle.dbtools.crest.model.design.logical.Entity" directorySegmentName="seg_0" id="D0D5D62B-9D6C-D4F0-7955-A963B836D111" name="Identificacion_grupo">
<createdBy>oracle</createdBy>
<createdTime>2020-03-20 14:00:17 UTC</createdTime>
<ownerDesignName>Grupo</ownerDesignName>
<adequatelyNormalized>NO</adequatelyNormalized>
<expectedVolumes>0</expectedVolumes>
<fwdEngineeringStrategyName>Single Table</fwdEngineeringStrategyName>
<growthPercent>0</growthPercent>
<growthType>Year</growthType>
<maxVolumes>9999999</maxVolumes>
<minVolumes>0</minVolumes>
<normalForm>Third</normalForm>
<attributes itemClass="oracle.dbtools.crest.model.design.logical.Attribute">
<Attribute name="Id_Identificacion_Grupo" id="03BCEFCC-EBBD-F5E5-1B72-09D838BC4B24">
<createdBy>oracle</createdBy>
<createdTime>2020-03-20 14:00:17 UTC</createdTime>
<ownerDesignName>Grupo</ownerDesignName>
<importedID>70188BE4-4FE1-AC62-BCA7-C7A6D66CD4EC</importedID>
<useDomainConstraints>false</useDomainConstraints>
<use>1</use>
<logicalDatatype>LOGDT011</logicalDatatype>
<ownDataTypeParameters>,,</ownDataTypeParameters>
</Attribute>
<Attribute name="fecha_conformacion" id="F1533292-02EB-9E56-40AB-9BFFBD40D29D">
<createdBy>oracle</createdBy>
<createdTime>2020-03-20 14:00:17 UTC</createdTime>
<ownerDesignName>Grupo</ownerDesignName>
<importedID>F0BEFA6A-13B2-A43E-2DE1-2E0CC6B16FF1</importedID>
<nullsAllowed>true</nullsAllowed>
<useDomainConstraints>false</useDomainConstraints>
<use>1</use>
<logicalDatatype>LOGDT007</logicalDatatype>
<ownDataTypeParameters>,,</ownDataTypeParameters>
</Attribute>
<Attribute name="Investigador_Lider" id="A031AAB9-39CB-60E7-A438-63BCACC1F5CD">
<createdBy>oracle</createdBy>
<createdTime>2020-03-20 14:00:17 UTC</createdTime>
<ownerDesignName>Grupo</ownerDesignName>
<importedID>A6FC61F9-0912-5A64-CD9F-CEF265778E32</importedID>
<nullsAllowed>true</nullsAllowed>
<useDomainConstraints>false</useDomainConstraints>
<use>1</use>
<logicalDatatype>LOGDT011</logicalDatatype>
<ownDataTypeParameters>,,</ownDataTypeParameters>
</Attribute>
<Attribute name="Pagina_Web" id="E49C2B21-8EB5-3B7B-EC3A-52C864E5E2A3">
<createdBy>oracle</createdBy>
<createdTime>2020-03-20 14:00:17 UTC</createdTime>
<ownerDesignName>Grupo</ownerDesignName>
<importedID>AF702B15-18FE-542D-E51D-9CE018159916</importedID>
<nullsAllowed>true</nullsAllowed>
<useDomainConstraints>false</useDomainConstraints>
<use>1</use>
<logicalDatatype>LOGDT024</logicalDatatype>
<dataTypeSize>200</dataTypeSize>
<ownDataTypeParameters>200,,</ownDataTypeParameters>
</Attribute>
<Attribute name="Correo_Electronico" id="1485ED80-5A61-A817-6B0F-C7AB033571A3">
<createdBy>oracle</createdBy>
<createdTime>2020-03-20 14:00:17 UTC</createdTime>
<ownerDesignName>Grupo</ownerDesignName>
<importedID>FBD41D93-2A4D-94A0-D7A8-ECC4098E2B40</importedID>
<nullsAllowed>true</nullsAllowed>
<useDomainConstraints>false</useDomainConstraints>
<use>1</use>
<logicalDatatype>LOGDT024</logicalDatatype>
<dataTypeSize>200</dataTypeSize>
<ownDataTypeParameters>200,,</ownDataTypeParameters>
</Attribute>
<Attribute name="Id_Pais" id="7F0467E2-D4A0-2B6D-5101-16103E388F33">
<createdBy>oracle</createdBy>
<createdTime>2020-03-20 14:00:17 UTC</createdTime>
<generatorID>59E8A114-CEC2-4E10-FD8A-6F42097EC293</generatorID>
<ownerDesignName>Grupo</ownerDesignName>
<importedID>E34C3BF9-7E3F-C2EB-1CBB-0EEB6170F878</importedID>
<referedAttribute>69833667-BF82-F231-B42F-F8D0C8D4FB5D</referedAttribute>
<useDomainConstraints>false</useDomainConstraints>
<use>1</use>
<ownDataTypeParameters>,,</ownDataTypeParameters>
</Attribute>
<Attribute name="Id_Ciudad" id="8757BCA2-5A4D-F96F-5E9F-58EB85C79D68">
<createdBy>oracle</createdBy>
<createdTime>2020-03-20 14:00:17 UTC</createdTime>
<generatorID>7D982C74-87FC-C760-722E-7FD095057284</generatorID>
<ownerDesignName>Grupo</ownerDesignName>
<importedID>DDA46440-8C30-EBD9-E145-D455AC6284A3</importedID>
<referedAttribute>34B6100E-C322-214B-0129-309984D900BB</referedAttribute>
<useDomainConstraints>false</useDomainConstraints>
<use>1</use>
<logicalDatatype>LOGDT011</logicalDatatype>
<ownDataTypeParameters>,,</ownDataTypeParameters>
</Attribute>
<Attribute name="Id_Estado" id="955E7E52-D487-B525-34C2-60E8D94F7639">
<createdBy>oracle</createdBy>
<createdTime>2020-03-20 14:00:17 UTC</createdTime>
<generatorID>3D25E91A-6863-E44A-2EDD-EA99DE4DD6BF</generatorID>
<ownerDesignName>Grupo</ownerDesignName>
<importedID>2F9D8020-8AC4-5B8E-B916-28CAAE562E22</importedID>
<referedAttribute>D9344EED-8714-A38A-933A-430D974B2727</referedAttribute>
<useDomainConstraints>false</useDomainConstraints>
<use>1</use>
<ownDataTypeParameters>,,</ownDataTypeParameters>
</Attribute>
</attributes>
<identifiers itemClass="oracle.dbtools.crest.model.design.logical.CandidateKey">
<identifier id="5B510776-1E11-A106-A3AB-29A849BA4033" name="Identificacion_grupo PK">
<createdBy>oracle</createdBy>
<createdTime>2020-03-20 14:00:17 UTC</createdTime>
<ownerDesignName>Grupo</ownerDesignName>
<pk>true</pk>
<usedAttributes>
<attributeRef>03BCEFCC-EBBD-F5E5-1B72-09D838BC4B24</attributeRef>
</usedAttributes>
</identifier>
</identifiers>
</Entity>