<?xml version = '1.0' encoding = 'UTF-8'?>
<Entity class="oracle.dbtools.crest.model.design.logical.Entity" directorySegmentName="seg_0" id="D4BD1E81-2843-BBC8-07CE-514B98C3D3E1" name="Institucion_Ident_Grupo">
<createdBy>oracle</createdBy>
<createdTime>2020-03-20 14:00:17 UTC</createdTime>
<ownerDesignName>Grupo</ownerDesignName>
<adequatelyNormalized>NO</adequatelyNormalized>
<expectedVolumes>0</expectedVolumes>
<fwdEngineeringStrategyName>Single Table</fwdEngineeringStrategyName>
<growthPercent>0</growthPercent>
<growthType>Year</growthType>
<maxVolumes>9999999</maxVolumes>
<minVolumes>0</minVolumes>
<normalForm>Third</normalForm>
<attributes itemClass="oracle.dbtools.crest.model.design.logical.Attribute">
<Attribute name="Id_Institucion_Ident_Grupo" id="87FD5726-EF0C-631C-7CF7-3FBEE037CB60">
<createdBy>oracle</createdBy>
<createdTime>2020-03-20 14:00:17 UTC</createdTime>
<ownerDesignName>Grupo</ownerDesignName>
<importedID>B536C278-3730-B731-1B93-5C6BF1A1083B</importedID>
<useDomainConstraints>false</useDomainConstraints>
<use>1</use>
<logicalDatatype>LOGDT011</logicalDatatype>
<ownDataTypeParameters>,,</ownDataTypeParameters>
</Attribute>
<Attribute name="Id_Identificacion_Grupo" id="77A0788E-D68D-D71A-D4B8-3FE9C525CA5A">
<createdBy>oracle</createdBy>
<createdTime>2020-03-20 14:03:15 UTC</createdTime>
<generatorID>BEAD8274-9FCC-4744-65EF-93C29B0C0AAC</generatorID>
<ownerDesignName>Grupo</ownerDesignName>
<referedAttribute>03BCEFCC-EBBD-F5E5-1B72-09D838BC4B24</referedAttribute>
<useDomainConstraints>false</useDomainConstraints>
<use>1</use>
<logicalDatatype>LOGDT011</logicalDatatype>
<ownDataTypeParameters>,,</ownDataTypeParameters>
</Attribute>
</attributes>
<identifiers itemClass="oracle.dbtools.crest.model.design.logical.CandidateKey">
<identifier id="8FA59096-12DD-A322-BCCD-E15F4E7D6053" name="institucion_grupo PK">
<createdBy>oracle</createdBy>
<createdTime>2020-03-20 14:00:17 UTC</createdTime>
<ownerDesignName>Grupo</ownerDesignName>
<pk>true</pk>
<usedAttributes>
<attributeRef>87FD5726-EF0C-631C-7CF7-3FBEE037CB60</attributeRef>
</usedAttributes>
</identifier>
</identifiers>
</Entity>