<?xml version = '1.0' encoding = 'UTF-8'?>
<Diagram class="oracle.dbtools.crest.swingui.logical.DPVLogical" name="Logical" id="8095C998-C731-3001-0A13-F924DDF5C383">
<createdBy>oracle</createdBy>
<modifiedBy>oracle</modifiedBy>
<createdTime>2020-03-20 13:42:52 UTC</createdTime>
<autoRoute>false</autoRoute>
<boxInbox>true</boxInbox>
<showLegend>false</showLegend>
<showLabels>false</showLabels>
<showRelAttributes>false</showRelAttributes>
<gridEnabled>false</gridEnabled>
<showGrid>false</showGrid>
<diagramColor>-1</diagramColor>
<display>false</display>
<notation>1</notation>
<objectViews>
<OView class="oracle.dbtools.crest.swingui.logical.TVEntity" oid="0DCC4DF8-4599-0CE6-6B1C-9F2FE4A70BF3" otype="Entity" vid="194CA706-B57E-AAD7-9714-E3FC397873E5">
<hideElementsInCurrentOnly>false</hideElementsInCurrentOnly>
<bounds x="678" y="14" width="95" height="47"/>
</OView>
<OView class="oracle.dbtools.crest.swingui.logical.TVEntity" oid="3768C3AD-2EE3-B892-ABD7-336E429A03D7" otype="Entity" vid="B31E429B-EB1D-783C-13F1-C3CE294FB3C8">
<hideElementsInCurrentOnly>false</hideElementsInCurrentOnly>
<bounds x="681" y="71" width="97" height="53"/>
</OView>
<OView class="oracle.dbtools.crest.swingui.logical.TVEntity" oid="4D74EF05-3E07-CF11-2A44-A6B3BCAB4E8E" otype="Entity" vid="2D133EAF-1E19-D26C-EA75-E3F2216152C1">
<hideElementsInCurrentOnly>false</hideElementsInCurrentOnly>
<bounds x="682" y="133" width="98" height="47"/>
</OView>
<OView class="oracle.dbtools.crest.swingui.logical.TVEntity" oid="51587771-4ADC-A6E9-59C5-62D0CD39E9B6" otype="Entity" vid="9D590E59-96AA-06CD-08B8-6D9193856876">
<hideElementsInCurrentOnly>false</hideElementsInCurrentOnly>
<bounds x="153" y="403" width="139" height="48"/>
</OView>
<OView class="oracle.dbtools.crest.swingui.logical.TVEntity" oid="D0D5D62B-9D6C-D4F0-7955-A963B836D111" otype="Entity" vid="7BB9D05F-C2C0-17C9-716E-DEA9DA9164B9">
<hideElementsInCurrentOnly>false</hideElementsInCurrentOnly>
<bounds x="395" y="48" width="136" height="91"/>
</OView>
<OView class="oracle.dbtools.crest.swingui.logical.TVEntity" oid="D4BD1E81-2843-BBC8-07CE-514B98C3D3E1" otype="Entity" vid="DC7DA37B-58BD-4477-5F45-E202C58691F3">
<hideElementsInCurrentOnly>false</hideElementsInCurrentOnly>
<bounds x="136" y="189" width="170" height="36"/>
</OView>
</objectViews>
<connectors>
<Connector class="oracle.dbtools.crest.swingui.logical.TVRelation" oid="3D25E91A-6863-E44A-2EDD-EA99DE4DD6BF" otype="Relation" vid_source="2D133EAF-1E19-D26C-EA75-E3F2216152C1" vid_target="7BB9D05F-C2C0-17C9-716E-DEA9DA9164B9">
<hideElementsInCurrentOnly>false</hideElementsInCurrentOnly>
<backgroundColor>-16777216</backgroundColor>
<lineWidth>1</lineWidth>
<points>
<point x="682" y="136"/>
<point x="531" y="136"/>
</points>
</Connector>
<Connector class="oracle.dbtools.crest.swingui.logical.TVRelation" oid="59E8A114-CEC2-4E10-FD8A-6F42097EC293" otype="Relation" vid_source="194CA706-B57E-AAD7-9714-E3FC397873E5" vid_target="7BB9D05F-C2C0-17C9-716E-DEA9DA9164B9">
<hideElementsInCurrentOnly>false</hideElementsInCurrentOnly>
<backgroundColor>-16777216</backgroundColor>
<lineWidth>1</lineWidth>
<points>
<point x="678" y="54"/>
<point x="531" y="54"/>
</points>
</Connector>
<Connector class="oracle.dbtools.crest.swingui.logical.TVRelation" oid="7D982C74-87FC-C760-722E-7FD095057284" otype="Relation" vid_source="B31E429B-EB1D-783C-13F1-C3CE294FB3C8" vid_target="7BB9D05F-C2C0-17C9-716E-DEA9DA9164B9">
<hideElementsInCurrentOnly>false</hideElementsInCurrentOnly>
<backgroundColor>-16777216</backgroundColor>
<lineWidth>1</lineWidth>
<points>
<point x="681" y="97"/>
<point x="531" y="97"/>
</points>
</Connector>
<Connector class="oracle.dbtools.crest.swingui.logical.TVRelation" oid="BEAD8274-9FCC-4744-65EF-93C29B0C0AAC" otype="Relation" vid_source="7BB9D05F-C2C0-17C9-716E-DEA9DA9164B9" vid_target="DC7DA37B-58BD-4477-5F45-E202C58691F3">
<hideElementsInCurrentOnly>false</hideElementsInCurrentOnly>
<backgroundColor>-16777216</backgroundColor>
<lineWidth>1</lineWidth>
<points>
<point x="395" y="125"/>
<point x="259" y="189"/>
</points>
</Connector>
</connectors>
</Diagram>