<?xml version = '1.0' encoding = 'UTF-8'?>
<Relation class="oracle.dbtools.crest.model.design.logical.Relation" name="Trabajos_Jurado_Act_Evaluador" directorySegmentName="seg_1" id="061604FA-0B5E-B931-6F50-D24C4C887014">
<createdBy>oracle</createdBy>
<createdTime>2020-03-25 23:39:45 UTC</createdTime>
<ownerDesignName>Investigadores</ownerDesignName>
<sourcePk>BF7138E6-1408-EFE2-BA3C-5CE0E6AE4483</sourcePk>
<identifying>false</identifying>
<optionalSource>true</optionalSource>
<optionalTarget>false</optionalTarget>
<sourceCardinality>1</sourceCardinality>
<sourceEntity>2EC2D13C-2BDB-B2FB-3B1B-D3A4E6D5DEAB</sourceEntity>
<targetCardinalityString>*</targetCardinalityString>
<targetEntity>38579492-4CE5-D173-173C-41EF788197B3</targetEntity>
<transferable>true</transferable>
<deleteRule>NO ACTION</deleteRule>
</Relation>