<?xml version = '1.0' encoding = 'UTF-8'?>
<Relation class="oracle.dbtools.crest.model.design.logical.Relation" name="Maestria_Hist_Maestria" directorySegmentName="seg_1" id="254B7259-1D89-B300-43A7-546D8BB23B4A">
<createdBy>oracle</createdBy>
<createdTime>2020-03-25 22:03:21 UTC</createdTime>
<ownerDesignName>Investigadores</ownerDesignName>
<sourcePk>8B599DA9-E806-542D-16D8-94B29443735F</sourcePk>
<identifying>false</identifying>
<optionalSource>true</optionalSource>
<optionalTarget>false</optionalTarget>
<sourceCardinality>1</sourceCardinality>
<sourceEntity>17BE29CB-4FCB-533F-045B-8C995678ECC2</sourceEntity>
<targetCardinalityString>*</targetCardinalityString>
<targetEntity>D9DE4328-9CFE-43A9-FA92-EC509F0EF845</targetEntity>
<transferable>true</transferable>
<deleteRule>NO ACTION</deleteRule>
</Relation>