<?xml version = '1.0' encoding = 'UTF-8'?>
<Relation class="oracle.dbtools.crest.model.design.logical.Relation" name="num_Paginas_Art_Publicado" directorySegmentName="seg_1" id="344A7ED0-F286-A0CB-DB03-723DBE6FA584">
<createdBy>oracle</createdBy>
<createdTime>2020-03-25 23:54:11 UTC</createdTime>
<ownerDesignName>Investigadores</ownerDesignName>
<sourcePk>E01BD97F-6819-4F36-67DB-993A8A13404B</sourcePk>
<identifying>false</identifying>
<optionalSource>true</optionalSource>
<optionalTarget>false</optionalTarget>
<sourceCardinality>1</sourceCardinality>
<sourceEntity>8DC1E24F-7E71-D4D6-B89C-4D4164B8B2CD</sourceEntity>
<targetCardinalityString>*</targetCardinalityString>
<targetEntity>044FD16B-56E0-370E-45CC-C8FEBA2B387F</targetEntity>
<transferable>true</transferable>
<deleteRule>NO ACTION</deleteRule>
</Relation>