<?xml version = '1.0' encoding = 'UTF-8'?>
<Relation class="oracle.dbtools.crest.model.design.logical.Relation" name="Pregrado_inst_Pregrado" directorySegmentName="seg_1" id="574BB279-899A-2AB9-7A0F-F1DF789C64C5">
<createdBy>oracle</createdBy>
<createdTime>2020-03-25 23:00:30 UTC</createdTime>
<ownerDesignName>Investigadores</ownerDesignName>
<sourcePk>5EED2FE8-AC59-8E61-255E-2EC7BA418BA8</sourcePk>
<identifying>false</identifying>
<optionalSource>true</optionalSource>
<optionalTarget>false</optionalTarget>
<sourceCardinality>1</sourceCardinality>
<sourceEntity>87AA6714-EF7B-79A3-E3EF-B92AE18A388B</sourceEntity>
<targetCardinalityString>*</targetCardinalityString>
<targetEntity>271E1521-8E48-CEEA-93B2-BD054CB1E400</targetEntity>
<transferable>true</transferable>
<deleteRule>NO ACTION</deleteRule>
</Relation>