<?xml version = '1.0' encoding = 'UTF-8'?>
<Relation class="oracle.dbtools.crest.model.design.logical.Relation" name="Tipo_Doc_Identificacion_Inv" directorySegmentName="seg_1" id="5E595912-1466-B438-5588-B15D2011E52C">
<createdBy>oracle</createdBy>
<createdTime>2020-03-25 18:41:55 UTC</createdTime>
<ownerDesignName>Investigadores</ownerDesignName>
<sourcePk>761F57CB-1DDE-2EFB-E299-ED898E74D9D5</sourcePk>
<identifying>false</identifying>
<optionalSource>true</optionalSource>
<optionalTarget>false</optionalTarget>
<sourceCardinality>1</sourceCardinality>
<sourceEntity>18913470-FBC2-4B9A-A557-76C423612A6F</sourceEntity>
<targetCardinalityString>*</targetCardinalityString>
<targetEntity>7E93FE77-4CA8-B0E5-3EFA-DDD56A02E07D</targetEntity>
<transferable>true</transferable>
<deleteRule>NO ACTION</deleteRule>
</Relation>