<?xml version = '1.0' encoding = 'UTF-8'?>
<Relation class="oracle.dbtools.crest.model.design.logical.Relation" name="Jurado_Jurado_Doctorado" directorySegmentName="seg_1" id="6A325B2B-039F-9D6C-6490-7EE861B5FB77">
<createdBy>oracle</createdBy>
<createdTime>2020-03-25 22:07:54 UTC</createdTime>
<ownerDesignName>Investigadores</ownerDesignName>
<sourcePk>7DF3CFB2-0814-1ABE-C40C-6074A6A5013F</sourcePk>
<identifying>false</identifying>
<optionalSource>true</optionalSource>
<optionalTarget>false</optionalTarget>
<sourceCardinality>1</sourceCardinality>
<sourceEntity>9D6F0269-1647-894A-075D-26E98B4524B7</sourceEntity>
<targetCardinalityString>*</targetCardinalityString>
<targetEntity>EDCAEABB-11EA-1625-CCD7-0DEACDADAE3B</targetEntity>
<transferable>true</transferable>
<deleteRule>NO ACTION</deleteRule>
</Relation>