<?xml version = '1.0' encoding = 'UTF-8'?>
<Relation class="oracle.dbtools.crest.model.design.logical.Relation" name="Historial_Docente_Institucion" directorySegmentName="seg_1" id="6F0B5EA0-A852-9406-06F7-5C66B6908975">
<createdBy>oracle</createdBy>
<createdTime>2020-03-25 22:47:46 UTC</createdTime>
<ownerDesignName>Investigadores</ownerDesignName>
<sourcePk>FE73885F-A358-4F5B-0D50-8D667E7FE3A6</sourcePk>
<identifying>false</identifying>
<optionalSource>true</optionalSource>
<optionalTarget>false</optionalTarget>
<sourceCardinality>1</sourceCardinality>
<sourceEntity>D2F3148C-D08D-89A1-D3C7-849510FE2076</sourceEntity>
<targetCardinalityString>*</targetCardinalityString>
<targetEntity>A4A736FF-EA65-AE12-F440-E557A851A92A</targetEntity>
<transferable>true</transferable>
<deleteRule>NO ACTION</deleteRule>
</Relation>