<?xml version = '1.0' encoding = 'UTF-8'?>
<Relation class="oracle.dbtools.crest.model.design.logical.Relation" name="Programa_Acad_Programa_Asig" directorySegmentName="seg_1" id="6FC66528-107D-BE2B-C488-F4998D876505">
<createdBy>oracle</createdBy>
<createdTime>2020-03-25 22:40:05 UTC</createdTime>
<ownerDesignName>Investigadores</ownerDesignName>
<sourcePk>A5B2C970-5F18-DCB6-6484-EEF0CEEC338C</sourcePk>
<identifying>false</identifying>
<optionalSource>true</optionalSource>
<optionalTarget>false</optionalTarget>
<sourceCardinality>1</sourceCardinality>
<sourceEntity>C8761893-FA12-0B41-FE2A-7BDD96CB307F</sourceEntity>
<targetCardinalityString>*</targetCardinalityString>
<targetEntity>F3A80B2C-AF16-209E-4390-1E3888724D40</targetEntity>
<transferable>true</transferable>
<deleteRule>NO ACTION</deleteRule>
</Relation>