<?xml version = '1.0' encoding = 'UTF-8'?>
<Relation class="oracle.dbtools.crest.model.design.logical.Relation" name="Tipo_Art_Art_Publicado" directorySegmentName="seg_1" id="AD5EA35A-AD9A-EEF3-1711-6681838C9756">
<createdBy>oracle</createdBy>
<createdTime>2020-03-25 23:53:55 UTC</createdTime>
<ownerDesignName>Investigadores</ownerDesignName>
<identifying>false</identifying>
<optionalSource>true</optionalSource>
<optionalTarget>false</optionalTarget>
<sourceCardinality>1</sourceCardinality>
<sourceEntity>EC66DC8C-1EED-A4A3-6526-FA9B25A717C8</sourceEntity>
<targetCardinalityString>*</targetCardinalityString>
<targetEntity>044FD16B-56E0-370E-45CC-C8FEBA2B387F</targetEntity>
<transferable>true</transferable>
<deleteRule>NO ACTION</deleteRule>
</Relation>