<?xml version = '1.0' encoding = 'UTF-8'?>
<Relation class="oracle.dbtools.crest.model.design.logical.Relation" name="Institucion_Docente_Institucion" directorySegmentName="seg_1" id="B9209A10-5B9B-AEC5-122A-6A3EAC773AA3">
<createdBy>oracle</createdBy>
<createdTime>2020-03-25 22:48:15 UTC</createdTime>
<ownerDesignName>Investigadores</ownerDesignName>
<identifying>false</identifying>
<optionalSource>true</optionalSource>
<optionalTarget>false</optionalTarget>
<sourceCardinality>1</sourceCardinality>
<sourceEntity>B010327E-2821-4D38-9C51-5F584BD67CF3</sourceEntity>
<targetCardinalityString>*</targetCardinalityString>
<targetEntity>A4A736FF-EA65-AE12-F440-E557A851A92A</targetEntity>
<transferable>true</transferable>
<deleteRule>NO ACTION</deleteRule>
</Relation>