<?xml version = '1.0' encoding = 'UTF-8'?>
<Relation class="oracle.dbtools.crest.model.design.logical.Relation" name="Maestria_Inst_Maestria" directorySegmentName="seg_1" id="CB41156A-F899-25D0-66DC-8945896254A3">
<createdBy>oracle</createdBy>
<createdTime>2020-03-25 23:27:23 UTC</createdTime>
<ownerDesignName>Investigadores</ownerDesignName>
<sourcePk>8B599DA9-E806-542D-16D8-94B29443735F</sourcePk>
<identifying>false</identifying>
<optionalSource>true</optionalSource>
<optionalTarget>false</optionalTarget>
<sourceCardinality>1</sourceCardinality>
<sourceEntity>17BE29CB-4FCB-533F-045B-8C995678ECC2</sourceEntity>
<targetCardinalityString>*</targetCardinalityString>
<targetEntity>03B72D85-BB76-ACB4-A08C-11C2134935A5</targetEntity>
<transferable>true</transferable>
<deleteRule>NO ACTION</deleteRule>
</Relation>