<?xml version = '1.0' encoding = 'UTF-8'?>
<Relation class="oracle.dbtools.crest.model.design.logical.Relation" name="Act_Formacion_Trab_Dirigido" directorySegmentName="seg_1" id="D77A119C-7552-5741-2ACC-2C9D3259E078">
<createdBy>oracle</createdBy>
<createdTime>2020-03-25 23:33:10 UTC</createdTime>
<ownerDesignName>Investigadores</ownerDesignName>
<sourcePk>6C01A1F7-9F29-2DF5-F2B8-B8127796DE39</sourcePk>
<identifying>false</identifying>
<optionalSource>true</optionalSource>
<optionalTarget>false</optionalTarget>
<sourceCardinality>1</sourceCardinality>
<sourceEntity>B1E7FB30-41C6-E1C0-8316-0E2C4652E887</sourceEntity>
<targetCardinalityString>*</targetCardinalityString>
<targetEntity>27898E42-00B8-948C-3F5B-173F4F4F8FDD</targetEntity>
<transferable>true</transferable>
<deleteRule>NO ACTION</deleteRule>
</Relation>