<?xml version = '1.0' encoding = 'UTF-8'?>
<Relation class="oracle.dbtools.crest.model.design.logical.Relation" name="Linea_Invest_Doctorado" directorySegmentName="seg_1" id="EE952304-197B-6225-9C5E-86AD434F0F51">
<createdBy>oracle</createdBy>
<createdTime>2020-03-25 22:37:45 UTC</createdTime>
<ownerDesignName>Investigadores</ownerDesignName>
<sourcePk>573C6209-7F78-54C5-82A8-56B210A59D02</sourcePk>
<identifying>false</identifying>
<optionalSource>true</optionalSource>
<optionalTarget>false</optionalTarget>
<sourceCardinality>1</sourceCardinality>
<sourceEntity>88E0032B-8431-AA53-7A89-B0A7730977CF</sourceEntity>
<targetCardinalityString>1</targetCardinalityString>
<targetEntity>9A64ACF7-FEF8-09F5-A256-E6FBE2F4F9F8</targetEntity>
<transferable>true</transferable>
<deleteRule>NO ACTION</deleteRule>
</Relation>