<?xml version = '1.0' encoding = 'UTF-8'?>
<Relation class="oracle.dbtools.crest.model.design.logical.Relation" name="Prog_Academico_Autor" directorySegmentName="seg_0" id="0AE69382-4D84-B415-DCD3-46512352A55D">
<createdBy>casa</createdBy>
<createdTime>2020-03-20 00:06:59 UTC</createdTime>
<ownerDesignName>Investigadores</ownerDesignName>
<sourcePk>A5B2C970-5F18-DCB6-6484-EEF0CEEC338C</sourcePk>
<identifying>false</identifying>
<optionalSource>true</optionalSource>
<optionalTarget>false</optionalTarget>
<sourceCardinality>1</sourceCardinality>
<sourceEntity>C8761893-FA12-0B41-FE2A-7BDD96CB307F</sourceEntity>
<targetCardinalityString>*</targetCardinalityString>
<targetEntity>566DB607-DC9A-8BFA-B744-35DE751FB7A1</targetEntity>
<transferable>true</transferable>
<deleteRule>NO ACTION</deleteRule>
</Relation>