<?xml version = '1.0' encoding = 'UTF-8'?>
<Relation class="oracle.dbtools.crest.model.design.logical.Relation" name="Doctorado_Hist_Doctorado" directorySegmentName="seg_0" id="2340D93A-9079-FACF-0C81-D4EC7DA18AD9">
<createdBy>oracle</createdBy>
<createdTime>2020-03-25 22:05:15 UTC</createdTime>
<ownerDesignName>Investigadores</ownerDesignName>
<sourcePk>D7153B6B-5021-6D0B-35E4-1E23F87F251F</sourcePk>
<identifying>false</identifying>
<optionalSource>true</optionalSource>
<optionalTarget>false</optionalTarget>
<sourceCardinality>1</sourceCardinality>
<sourceEntity>9A64ACF7-FEF8-09F5-A256-E6FBE2F4F9F8</sourceEntity>
<targetCardinalityString>*</targetCardinalityString>
<targetEntity>35B01CDD-9833-FFDA-0ABC-3226D58056A4</targetEntity>
<transferable>true</transferable>
<deleteRule>NO ACTION</deleteRule>
</Relation>