<?xml version = '1.0' encoding = 'UTF-8'?>
<Relation class="oracle.dbtools.crest.model.design.logical.Relation" name="Doctorado_Jurado_Doctorado" directorySegmentName="seg_0" id="23632E22-D399-9471-8415-596536505323">
<createdBy>oracle</createdBy>
<createdTime>2020-03-25 22:08:22 UTC</createdTime>
<ownerDesignName>Investigadores</ownerDesignName>
<sourcePk>D7153B6B-5021-6D0B-35E4-1E23F87F251F</sourcePk>
<identifying>false</identifying>
<optionalSource>true</optionalSource>
<optionalTarget>false</optionalTarget>
<sourceCardinality>1</sourceCardinality>
<sourceEntity>9A64ACF7-FEF8-09F5-A256-E6FBE2F4F9F8</sourceEntity>
<targetCardinalityString>*</targetCardinalityString>
<targetEntity>EDCAEABB-11EA-1625-CCD7-0DEACDADAE3B</targetEntity>
<transferable>true</transferable>
<deleteRule>NO ACTION</deleteRule>
</Relation>