<?xml version = '1.0' encoding = 'UTF-8'?>
<Relation class="oracle.dbtools.crest.model.design.logical.Relation" name="especializacion_Inst_Especial" directorySegmentName="seg_0" id="382751F0-4EFE-6707-A8CA-531EF4C0100A">
<createdBy>oracle</createdBy>
<createdTime>2020-03-25 23:25:56 UTC</createdTime>
<ownerDesignName>Investigadores</ownerDesignName>
<sourcePk>2A2D6E00-A65F-46F3-C4AB-712DDF424399</sourcePk>
<identifying>false</identifying>
<optionalSource>true</optionalSource>
<optionalTarget>false</optionalTarget>
<sourceCardinality>1</sourceCardinality>
<sourceEntity>95E7187C-DA70-25D8-A984-57943783DB04</sourceEntity>
<targetCardinalityString>*</targetCardinalityString>
<targetEntity>A4DD0204-6139-2EC1-AEAE-E042A8A30506</targetEntity>
<transferable>true</transferable>
<deleteRule>NO ACTION</deleteRule>
</Relation>