<?xml version = '1.0' encoding = 'UTF-8'?>
<Relation class="oracle.dbtools.crest.model.design.logical.Relation" name="Prod_tecnica_Lin_Prod_Tec" directorySegmentName="seg_0" id="3F0C72B0-735E-6F09-C484-8609F6132397">
<createdBy>casa</createdBy>
<createdTime>2020-03-19 23:20:23 UTC</createdTime>
<ownerDesignName>Investigadores</ownerDesignName>
<sourcePk>ECAD603B-0ADA-85DC-B615-316EFF79F5F8</sourcePk>
<identifying>false</identifying>
<optionalSource>true</optionalSource>
<optionalTarget>false</optionalTarget>
<sourceCardinality>1</sourceCardinality>
<sourceEntity>78801408-E4A1-1CF2-0322-A553BA277515</sourceEntity>
<targetCardinalityString>*</targetCardinalityString>
<targetEntity>9BD0773F-B693-8987-B839-F3E297C0132F</targetEntity>
<transferable>true</transferable>
<deleteRule>NO ACTION</deleteRule>
</Relation>