<?xml version = '1.0' encoding = 'UTF-8'?>
<Relation class="oracle.dbtools.crest.model.design.logical.Relation" name="Prod_Arte_Lin_Prod_Arte" directorySegmentName="seg_0" id="3FE26AE5-06A8-D22D-7295-C43602E0EABE">
<createdBy>casa</createdBy>
<createdTime>2020-03-19 23:19:20 UTC</createdTime>
<ownerDesignName>Investigadores</ownerDesignName>
<sourcePk>FE192054-1BA8-0F43-4FEA-31D35FECCA49</sourcePk>
<identifying>false</identifying>
<optionalSource>true</optionalSource>
<optionalTarget>false</optionalTarget>
<sourceCardinality>1</sourceCardinality>
<sourceEntity>3EBE959E-8C5B-526A-4122-546EB367EB44</sourceEntity>
<targetCardinalityString>*</targetCardinalityString>
<targetEntity>82C2C965-4B49-9748-D4E3-F06D617AE1F5</targetEntity>
<transferable>true</transferable>
<deleteRule>NO ACTION</deleteRule>
</Relation>