<?xml version = '1.0' encoding = 'UTF-8'?>
<Relation class="oracle.dbtools.crest.model.design.logical.Relation" name="Genero_Identificacion_Invest" directorySegmentName="seg_0" id="4E04A4EC-E226-AB9C-B55A-729E8BB1539D">
<createdBy>oracle</createdBy>
<createdTime>2020-03-25 18:49:03 UTC</createdTime>
<ownerDesignName>Investigadores</ownerDesignName>
<sourcePk>5E5C03E2-1565-7D28-B95E-B5E280085A66</sourcePk>
<identifying>false</identifying>
<optionalSource>true</optionalSource>
<optionalTarget>false</optionalTarget>
<sourceCardinality>1</sourceCardinality>
<sourceEntity>DF20ED29-76A9-4407-C79B-03FD0F020282</sourceEntity>
<targetCardinalityString>*</targetCardinalityString>
<targetEntity>7E93FE77-4CA8-B0E5-3EFA-DDD56A02E07D</targetEntity>
<transferable>true</transferable>
<deleteRule>NO ACTION</deleteRule>
</Relation>