<?xml version = '1.0' encoding = 'UTF-8'?>
<Relation class="oracle.dbtools.crest.model.design.logical.Relation" name="Relation_63" directorySegmentName="seg_0" id="5E60B8F9-FFCF-9280-160D-C1AF94CF4BE9">
<createdBy>casa</createdBy>
<createdTime>2020-03-19 23:38:21 UTC</createdTime>
<ownerDesignName>Investigadores</ownerDesignName>
<sourcePk>A0832CA7-FC15-38B4-484B-1D8C7C93F81E</sourcePk>
<identifying>false</identifying>
<optionalSource>true</optionalSource>
<optionalTarget>false</optionalTarget>
<sourceCardinality>1</sourceCardinality>
<sourceEntity>D1DEDF5F-5F37-77CC-E3C6-C7467A44DDAA</sourceEntity>
<targetCardinalityString>*</targetCardinalityString>
<targetEntity>99394366-928A-3619-2EA6-FC7F929C1892</targetEntity>
<transferable>true</transferable>
<deleteRule>NO ACTION</deleteRule>
</Relation>