<?xml version = '1.0' encoding = 'UTF-8'?>
<Relation class="oracle.dbtools.crest.model.design.logical.Relation" name="Relation_65" directorySegmentName="seg_0" id="621DCEEE-6CE8-79C0-4B56-6477C02B14E7">
<createdBy>casa</createdBy>
<createdTime>2020-03-19 23:43:54 UTC</createdTime>
<ownerDesignName>Investigadores</ownerDesignName>
<sourcePk>BF7138E6-1408-EFE2-BA3C-5CE0E6AE4483</sourcePk>
<identifying>false</identifying>
<optionalSource>true</optionalSource>
<optionalTarget>false</optionalTarget>
<sourceCardinality>1</sourceCardinality>
<sourceEntity>2EC2D13C-2BDB-B2FB-3B1B-D3A4E6D5DEAB</sourceEntity>
<targetCardinalityString>*</targetCardinalityString>
<targetEntity>833441C1-13E9-CF4D-9B36-E52788922EF4</targetEntity>
<transferable>true</transferable>
<deleteRule>NO ACTION</deleteRule>
</Relation>