<?xml version = '1.0' encoding = 'UTF-8'?>
<Relation class="oracle.dbtools.crest.model.design.logical.Relation" name="Relation_37" directorySegmentName="seg_0" id="64EC252F-9DB5-149A-1C46-2050406971F6">
<createdBy>casa</createdBy>
<createdTime>2020-03-19 22:34:56 UTC</createdTime>
<ownerDesignName>Investigadores</ownerDesignName>
<identifying>false</identifying>
<optionalSource>true</optionalSource>
<optionalTarget>false</optionalTarget>
<sourceCardinality>*</sourceCardinality>
<sourceEntity>7ED4FDF3-FA46-ABE4-7CB1-437D95D2C8B4</sourceEntity>
<targetCardinalityString>*</targetCardinalityString>
<targetEntity>D1DEDF5F-5F37-77CC-E3C6-C7467A44DDAA</targetEntity>
<transferable>true</transferable>
<deleteRule>NO ACTION</deleteRule>
</Relation>