<?xml version = '1.0' encoding = 'UTF-8'?>
<Relation class="oracle.dbtools.crest.model.design.logical.Relation" name="Prod_Tecnica_Prod_Autor" directorySegmentName="seg_0" id="837B1BBD-78A4-B690-E6A9-3BD504B73E5A">
<createdBy>casa</createdBy>
<createdTime>2020-03-19 22:55:09 UTC</createdTime>
<ownerDesignName>Investigadores</ownerDesignName>
<sourcePk>ECAD603B-0ADA-85DC-B615-316EFF79F5F8</sourcePk>
<identifying>false</identifying>
<optionalSource>true</optionalSource>
<optionalTarget>false</optionalTarget>
<sourceCardinality>1</sourceCardinality>
<sourceEntity>78801408-E4A1-1CF2-0322-A553BA277515</sourceEntity>
<targetCardinalityString>*</targetCardinalityString>
<targetEntity>11B379A9-B8F5-3DA3-B714-6A0D1195E6D2</targetEntity>
<transferable>true</transferable>
<deleteRule>NO ACTION</deleteRule>
</Relation>