<?xml version = '1.0' encoding = 'UTF-8'?>
<Relation class="oracle.dbtools.crest.model.design.logical.Relation" name="lib_Publicado_Lib_Autor" directorySegmentName="seg_0" id="83C53055-CBE1-C07A-B412-81BD6CE7A9F4">
<createdBy>casa</createdBy>
<createdTime>2020-03-19 22:50:45 UTC</createdTime>
<ownerDesignName>Investigadores</ownerDesignName>
<sourcePk>A0832CA7-FC15-38B4-484B-1D8C7C93F81E</sourcePk>
<identifying>false</identifying>
<optionalSource>true</optionalSource>
<optionalTarget>false</optionalTarget>
<sourceCardinality>1</sourceCardinality>
<sourceEntity>D1DEDF5F-5F37-77CC-E3C6-C7467A44DDAA</sourceEntity>
<targetCardinalityString>*</targetCardinalityString>
<targetEntity>DFD61855-CE3D-8826-03A6-A557A72DA47A</targetEntity>
<transferable>true</transferable>
<deleteRule>NO ACTION</deleteRule>
</Relation>