<?xml version = '1.0' encoding = 'UTF-8'?>
<Relation class="oracle.dbtools.crest.model.design.logical.Relation" name="trab_Jurado_Trab_Jura_Autor" directorySegmentName="seg_0" id="9D22AFD0-BF19-6C57-1156-BE51BBEBBDA7">
<createdBy>casa</createdBy>
<createdTime>2020-03-20 00:02:03 UTC</createdTime>
<ownerDesignName>Investigadores</ownerDesignName>
<sourcePk>BF7138E6-1408-EFE2-BA3C-5CE0E6AE4483</sourcePk>
<identifying>false</identifying>
<optionalSource>true</optionalSource>
<optionalTarget>false</optionalTarget>
<sourceCardinality>1</sourceCardinality>
<sourceEntity>2EC2D13C-2BDB-B2FB-3B1B-D3A4E6D5DEAB</sourceEntity>
<targetCardinalityString>*</targetCardinalityString>
<targetEntity>5F992CAF-9032-6D64-65BA-7B6839AFC46B</targetEntity>
<transferable>true</transferable>
<deleteRule>NO ACTION</deleteRule>
</Relation>