<?xml version = '1.0' encoding = 'UTF-8'?>
<Relation class="oracle.dbtools.crest.model.design.logical.Relation" name="Relation_56" directorySegmentName="seg_0" id="A8AFE4AC-E68E-BE71-6C9E-991DD83746FD">
<createdBy>casa</createdBy>
<createdTime>2020-03-19 23:19:14 UTC</createdTime>
<ownerDesignName>Investigadores</ownerDesignName>
<sourcePk>573C6209-7F78-54C5-82A8-56B210A59D02</sourcePk>
<identifying>false</identifying>
<optionalSource>true</optionalSource>
<optionalTarget>false</optionalTarget>
<sourceCardinality>1</sourceCardinality>
<sourceEntity>88E0032B-8431-AA53-7A89-B0A7730977CF</sourceEntity>
<targetCardinalityString>*</targetCardinalityString>
<targetEntity>82C2C965-4B49-9748-D4E3-F06D617AE1F5</targetEntity>
<transferable>true</transferable>
<deleteRule>NO ACTION</deleteRule>
</Relation>