<?xml version = '1.0' encoding = 'UTF-8'?>
<Relation class="oracle.dbtools.crest.model.design.logical.Relation" name="Autor_Art_Autor" directorySegmentName="seg_0" id="ABAC70FC-C0B5-0942-F9FA-9ABC0E6E296E">
<createdBy>casa</createdBy>
<createdTime>2020-03-19 22:51:01 UTC</createdTime>
<ownerDesignName>Investigadores</ownerDesignName>
<sourcePk>0E51C6E4-6F3E-9487-B7F7-5D09B22BDFF0</sourcePk>
<identifying>false</identifying>
<optionalSource>true</optionalSource>
<optionalTarget>false</optionalTarget>
<sourceCardinality>1</sourceCardinality>
<sourceEntity>566DB607-DC9A-8BFA-B744-35DE751FB7A1</sourceEntity>
<targetCardinalityString>*</targetCardinalityString>
<targetEntity>08D3628F-F38D-72FF-8E86-77EB57CEA22D</targetEntity>
<transferable>true</transferable>
<deleteRule>NO ACTION</deleteRule>
</Relation>