<?xml version = '1.0' encoding = 'UTF-8'?>
<Relation class="oracle.dbtools.crest.model.design.logical.Relation" name="Linea_Inv_Linea_Libros" directorySegmentName="seg_0" id="AE58D90F-5288-AC31-DBB5-A244E99308BF">
<createdBy>casa</createdBy>
<createdTime>2020-03-19 23:37:51 UTC</createdTime>
<ownerDesignName>Investigadores</ownerDesignName>
<sourcePk>573C6209-7F78-54C5-82A8-56B210A59D02</sourcePk>
<identifying>false</identifying>
<optionalSource>true</optionalSource>
<optionalTarget>false</optionalTarget>
<sourceCardinality>1</sourceCardinality>
<sourceEntity>88E0032B-8431-AA53-7A89-B0A7730977CF</sourceEntity>
<targetCardinalityString>*</targetCardinalityString>
<targetEntity>99394366-928A-3619-2EA6-FC7F929C1892</targetEntity>
<transferable>true</transferable>
<deleteRule>NO ACTION</deleteRule>
</Relation>