<?xml version = '1.0' encoding = 'UTF-8'?>
<Relation class="oracle.dbtools.crest.model.design.logical.Relation" name="Linea_Inv_Linea_Prod_Tec" directorySegmentName="seg_0" id="B2EFCA6C-3D3C-1855-ED5D-FA48A9FA3510">
<createdBy>casa</createdBy>
<createdTime>2020-03-19 23:20:11 UTC</createdTime>
<ownerDesignName>Investigadores</ownerDesignName>
<sourcePk>573C6209-7F78-54C5-82A8-56B210A59D02</sourcePk>
<identifying>false</identifying>
<optionalSource>true</optionalSource>
<optionalTarget>false</optionalTarget>
<sourceCardinality>1</sourceCardinality>
<sourceEntity>88E0032B-8431-AA53-7A89-B0A7730977CF</sourceEntity>
<targetCardinalityString>*</targetCardinalityString>
<targetEntity>9BD0773F-B693-8987-B839-F3E297C0132F</targetEntity>
<transferable>true</transferable>
<deleteRule>NO ACTION</deleteRule>
</Relation>