<?xml version = '1.0' encoding = 'UTF-8'?>
<Relation class="oracle.dbtools.crest.model.design.logical.Relation" name="Autor_Lib_Autor" directorySegmentName="seg_0" id="D13DDA0F-71D8-4308-1027-A16790A1B5C1">
<createdBy>casa</createdBy>
<createdTime>2020-03-19 22:50:48 UTC</createdTime>
<ownerDesignName>Investigadores</ownerDesignName>
<sourcePk>0E51C6E4-6F3E-9487-B7F7-5D09B22BDFF0</sourcePk>
<identifying>false</identifying>
<optionalSource>true</optionalSource>
<optionalTarget>false</optionalTarget>
<sourceCardinality>1</sourceCardinality>
<sourceEntity>566DB607-DC9A-8BFA-B744-35DE751FB7A1</sourceEntity>
<targetCardinalityString>*</targetCardinalityString>
<targetEntity>DFD61855-CE3D-8826-03A6-A557A72DA47A</targetEntity>
<transferable>true</transferable>
<deleteRule>NO ACTION</deleteRule>
</Relation>