<?xml version = '1.0' encoding = 'UTF-8'?>
<Relation class="oracle.dbtools.crest.model.design.logical.Relation" name="Distrito_Libreta" directorySegmentName="seg_0" id="D17949B6-19DC-2A2A-66F1-264830234625">
<createdBy>casa</createdBy>
<createdTime>2020-03-19 21:40:16 UTC</createdTime>
<ownerDesignName>Investigadores</ownerDesignName>
<identifying>false</identifying>
<optionalSource>true</optionalSource>
<optionalTarget>false</optionalTarget>
<sourceCardinality>1</sourceCardinality>
<sourceEntity>BB9EE0AF-6B8C-5763-C7F1-C73C4E639CFB</sourceEntity>
<targetCardinalityString>*</targetCardinalityString>
<targetEntity>DF89DFEF-EE9A-9C75-78FE-D1831E50C926</targetEntity>
<transferable>true</transferable>
<deleteRule>NO ACTION</deleteRule>
</Relation>