<?xml version = '1.0' encoding = 'UTF-8'?>
<Relation class="oracle.dbtools.crest.model.design.logical.Relation" name="Relation_60" directorySegmentName="seg_0" id="DC1F3FE0-033C-546A-A4DB-8402CCAF7059">
<createdBy>casa</createdBy>
<createdTime>2020-03-19 23:29:30 UTC</createdTime>
<ownerDesignName>Investigadores</ownerDesignName>
<sourcePk>50600805-AEA8-AF4D-1AFD-D0D299391079</sourcePk>
<identifying>false</identifying>
<optionalSource>true</optionalSource>
<optionalTarget>false</optionalTarget>
<sourceCardinality>1</sourceCardinality>
<sourceEntity>99BFB33A-0853-AA7D-84B5-1BC420988F96</sourceEntity>
<targetCardinalityString>*</targetCardinalityString>
<targetEntity>B010327E-2821-4D38-9C51-5F584BD67CF3</targetEntity>
<transferable>true</transferable>
<deleteRule>NO ACTION</deleteRule>
</Relation>