<?xml version = '1.0' encoding = 'UTF-8'?>
<Relation class="oracle.dbtools.crest.model.design.logical.Relation" name="Linea_Inv_Linea_Trab_Jurado" directorySegmentName="seg_0" id="E556225C-46F5-1834-CFC4-2AAF41F8361E">
<createdBy>casa</createdBy>
<createdTime>2020-03-19 23:43:49 UTC</createdTime>
<ownerDesignName>Investigadores</ownerDesignName>
<sourcePk>573C6209-7F78-54C5-82A8-56B210A59D02</sourcePk>
<identifying>false</identifying>
<optionalSource>true</optionalSource>
<optionalTarget>false</optionalTarget>
<sourceCardinality>1</sourceCardinality>
<sourceEntity>88E0032B-8431-AA53-7A89-B0A7730977CF</sourceEntity>
<targetCardinalityString>*</targetCardinalityString>
<targetEntity>833441C1-13E9-CF4D-9B36-E52788922EF4</targetEntity>
<transferable>true</transferable>
<deleteRule>NO ACTION</deleteRule>
</Relation>