<?xml version = '1.0' encoding = 'UTF-8'?>
<Relation class="oracle.dbtools.crest.model.design.logical.Relation" name="Autor_Prod_Arte_Autor" directorySegmentName="seg_0" id="E8724ED1-DEB4-ECCB-DE8F-4E7AF60DE549">
<createdBy>casa</createdBy>
<createdTime>2020-03-19 22:59:50 UTC</createdTime>
<ownerDesignName>Investigadores</ownerDesignName>
<sourcePk>0E51C6E4-6F3E-9487-B7F7-5D09B22BDFF0</sourcePk>
<identifying>false</identifying>
<optionalSource>true</optionalSource>
<optionalTarget>false</optionalTarget>
<sourceCardinality>1</sourceCardinality>
<sourceEntity>566DB607-DC9A-8BFA-B744-35DE751FB7A1</sourceEntity>
<targetCardinalityString>*</targetCardinalityString>
<targetEntity>2424A48A-CD88-F5DE-45DE-DDD0A4A49861</targetEntity>
<transferable>true</transferable>
<deleteRule>NO ACTION</deleteRule>
</Relation>