<?xml version = '1.0' encoding = 'UTF-8'?>
<Relation class="oracle.dbtools.crest.model.design.logical.Relation" name="Clase_Libreta" directorySegmentName="seg_0" id="F2981FB0-AA7B-0C39-0319-3942392785EC">
<createdBy>casa</createdBy>
<createdTime>2020-03-19 21:40:03 UTC</createdTime>
<ownerDesignName>Investigadores</ownerDesignName>
<sourcePk>175CEF86-765E-0312-4282-818AEC0F1745</sourcePk>
<identifying>false</identifying>
<optionalSource>true</optionalSource>
<optionalTarget>false</optionalTarget>
<sourceCardinality>1</sourceCardinality>
<sourceEntity>10D4C3AB-6DBE-2B7F-E627-F6C86FEC7E4F</sourceEntity>
<targetCardinalityString>*</targetCardinalityString>
<targetEntity>DF89DFEF-EE9A-9C75-78FE-D1831E50C926</targetEntity>
<transferable>true</transferable>
<deleteRule>NO ACTION</deleteRule>
</Relation>