<?xml version = '1.0' encoding = 'UTF-8'?>
<Relation class="oracle.dbtools.crest.model.design.logical.Relation" name="Linea_Inv_Linea_Trab_Dirigido" directorySegmentName="seg_0" id="FAA76ACE-D3DE-F0BB-EBE0-F09167196560">
<createdBy>casa</createdBy>
<createdTime>2020-03-19 23:46:20 UTC</createdTime>
<ownerDesignName>Investigadores</ownerDesignName>
<sourcePk>573C6209-7F78-54C5-82A8-56B210A59D02</sourcePk>
<identifying>false</identifying>
<optionalSource>true</optionalSource>
<optionalTarget>false</optionalTarget>
<sourceCardinality>1</sourceCardinality>
<sourceEntity>88E0032B-8431-AA53-7A89-B0A7730977CF</sourceEntity>
<targetCardinalityString>*</targetCardinalityString>
<targetEntity>D0BCCD7A-517E-169A-E5BB-CE7B02160738</targetEntity>
<transferable>true</transferable>
<deleteRule>NO ACTION</deleteRule>
</Relation>