<?xml version = '1.0' encoding = 'UTF-8'?>
<Relation class="oracle.dbtools.crest.model.design.logical.Relation" name="Relation_63" directorySegmentName="seg_0" id="3D25E91A-6863-E44A-2EDD-EA99DE4DD6BF">
<createdBy>oracle</createdBy>
<createdTime>2020-03-20 14:00:17 UTC</createdTime>
<ownerDesignName>Grupo</ownerDesignName>
<sourcePk>975FFFFC-F153-00D6-8D18-D51C07033FD1</sourcePk>
<identifying>false</identifying>
<optionalSource>true</optionalSource>
<optionalTarget>false</optionalTarget>
<sourceCardinality>1</sourceCardinality>
<sourceEntity>4D74EF05-3E07-CF11-2A44-A6B3BCAB4E8E</sourceEntity>
<targetCardinalityString>*</targetCardinalityString>
<targetEntity>D0D5D62B-9D6C-D4F0-7955-A963B836D111</targetEntity>
<transferable>true</transferable>
<deleteRule>NO ACTION</deleteRule>
</Relation>