<?xml version = '1.0' encoding = 'UTF-8'?>
<Relation class="oracle.dbtools.crest.model.design.logical.Relation" name="Relation_61" directorySegmentName="seg_0" id="59E8A114-CEC2-4E10-FD8A-6F42097EC293">
<createdBy>oracle</createdBy>
<createdTime>2020-03-20 14:00:17 UTC</createdTime>
<ownerDesignName>Grupo</ownerDesignName>
<sourcePk>34D56854-8A52-9D1F-5A66-EBD826C0DD89</sourcePk>
<identifying>false</identifying>
<optionalSource>true</optionalSource>
<optionalTarget>false</optionalTarget>
<sourceCardinality>1</sourceCardinality>
<sourceEntity>0DCC4DF8-4599-0CE6-6B1C-9F2FE4A70BF3</sourceEntity>
<targetCardinalityString>*</targetCardinalityString>
<targetEntity>D0D5D62B-9D6C-D4F0-7955-A963B836D111</targetEntity>
<transferable>true</transferable>
<deleteRule>NO ACTION</deleteRule>
</Relation>