<?xml version = '1.0' encoding = 'UTF-8'?>
<Relation class="oracle.dbtools.crest.model.design.logical.Relation" name="Relation_62" directorySegmentName="seg_0" id="7D982C74-87FC-C760-722E-7FD095057284">
<createdBy>oracle</createdBy>
<createdTime>2020-03-20 14:00:17 UTC</createdTime>
<ownerDesignName>Grupo</ownerDesignName>
<sourcePk>4D58CED1-DD8F-5508-5F5B-45C5A4E1196F</sourcePk>
<identifying>false</identifying>
<optionalSource>true</optionalSource>
<optionalTarget>false</optionalTarget>
<sourceCardinality>1</sourceCardinality>
<sourceEntity>3768C3AD-2EE3-B892-ABD7-336E429A03D7</sourceEntity>
<targetCardinalityString>*</targetCardinalityString>
<targetEntity>D0D5D62B-9D6C-D4F0-7955-A963B836D111</targetEntity>
<transferable>true</transferable>
<deleteRule>NO ACTION</deleteRule>
</Relation>