<?xml version = '1.0' encoding = 'UTF-8'?>
<Relation class="oracle.dbtools.crest.model.design.logical.Relation" name="Relation_5" directorySegmentName="seg_0" id="BEAD8274-9FCC-4744-65EF-93C29B0C0AAC">
<createdBy>oracle</createdBy>
<createdTime>2020-03-20 14:03:15 UTC</createdTime>
<ownerDesignName>Grupo</ownerDesignName>
<sourcePk>5B510776-1E11-A106-A3AB-29A849BA4033</sourcePk>
<identifying>false</identifying>
<optionalSource>true</optionalSource>
<optionalTarget>false</optionalTarget>
<sourceCardinality>1</sourceCardinality>
<sourceEntity>D0D5D62B-9D6C-D4F0-7955-A963B836D111</sourceEntity>
<targetCardinalityString>*</targetCardinalityString>
<targetEntity>D4BD1E81-2843-BBC8-07CE-514B98C3D3E1</targetEntity>
<transferable>true</transferable>
<deleteRule>NO ACTION</deleteRule>
</Relation>