<?xml version = '1.0' encoding = 'UTF-8'?>
<Entity class="oracle.dbtools.crest.model.design.logical.Entity" directorySegmentName="seg_0" id="044FD16B-56E0-370E-45CC-C8FEBA2B387F" name="Articulos_Publicados">
<createdBy>casa</createdBy>
<createdTime>2020-03-19 22:38:14 UTC</createdTime>
<ownerDesignName>Investigadores</ownerDesignName>
<adequatelyNormalized>NO</adequatelyNormalized>
<expectedVolumes>0</expectedVolumes>
<fwdEngineeringStrategyName>Single Table</fwdEngineeringStrategyName>
<growthPercent>0</growthPercent>
<growthType>Year</growthType>
<maxVolumes>9999999</maxVolumes>
<minVolumes>0</minVolumes>
<normalForm>Third</normalForm>
<attributes itemClass="oracle.dbtools.crest.model.design.logical.Attribute">
<Attribute name="Id_Articulos_Publicados" id="0E7B2CD4-D8F8-1E65-94BD-D04124F03816">
<createdBy>casa</createdBy>
<createdTime>2020-03-19 22:38:54 UTC</createdTime>
<ownerDesignName>Investigadores</ownerDesignName>
<useDomainConstraints>false</useDomainConstraints>
<use>1</use>
<logicalDatatype>LOGDT011</logicalDatatype>
<ownDataTypeParameters>,,</ownDataTypeParameters>
</Attribute>
<Attribute name="Titulo" id="86361D9D-8B96-D197-6867-629163EC4C98">
<createdBy>casa</createdBy>
<createdTime>2020-03-19 22:39:08 UTC</createdTime>
<ownerDesignName>Investigadores</ownerDesignName>
<useDomainConstraints>false</useDomainConstraints>
<use>1</use>
<logicalDatatype>LOGDT024</logicalDatatype>
<dataTypeSize>100</dataTypeSize>
<ownDataTypeParameters>100,,</ownDataTypeParameters>
</Attribute>
<Attribute name="Resumen" id="F4A57B89-61EC-8DC5-71D2-0A24127D8B91">
<createdBy>casa</createdBy>
<createdTime>2020-03-19 22:39:42 UTC</createdTime>
<ownerDesignName>Investigadores</ownerDesignName>
<nullsAllowed>true</nullsAllowed>
<useDomainConstraints>false</useDomainConstraints>
<use>1</use>
<logicalDatatype>LOGDT024</logicalDatatype>
<dataTypeSize>500</dataTypeSize>
<ownDataTypeParameters>500,,</ownDataTypeParameters>
</Attribute>
<Attribute name="Id_Numero_Paginas" id="CFC28E17-1679-99B9-BBE5-E730FDF8BD35">
<createdBy>oracle</createdBy>
<createdTime>2020-03-25 23:54:11 UTC</createdTime>
<generatorID>344A7ED0-F286-A0CB-DB03-723DBE6FA584</generatorID>
<ownerDesignName>Investigadores</ownerDesignName>
<referedAttribute>BAF1E848-9D89-F379-8A4B-067B59893863</referedAttribute>
<useDomainConstraints>false</useDomainConstraints>
<use>1</use>
<logicalDatatype>LOGDT011</logicalDatatype>
<ownDataTypeParameters>,,</ownDataTypeParameters>
</Attribute>
<Attribute name="Id_Revista_Publicacion" id="6F174126-C15D-74AF-4DBB-FE3ECF5B83B5">
<createdBy>oracle</createdBy>
<createdTime>2020-03-25 23:54:30 UTC</createdTime>
<generatorID>C3DE7AEA-6327-3AD4-50CC-6E74B3D07A6D</generatorID>
<ownerDesignName>Investigadores</ownerDesignName>
<referedAttribute>091D1F8E-6236-7A96-BA64-B7B3A62992A1</referedAttribute>
<useDomainConstraints>false</useDomainConstraints>
<use>1</use>
<logicalDatatype>LOGDT011</logicalDatatype>
<ownDataTypeParameters>,,</ownDataTypeParameters>
</Attribute>
</attributes>
<identifiers itemClass="oracle.dbtools.crest.model.design.logical.CandidateKey">
<identifier id="E28635BD-BD86-8CDB-0C87-D141CF6CB43A" name="Articulos_Publicados PK">
<createdBy>casa</createdBy>
<createdTime>2020-03-19 22:39:22 UTC</createdTime>
<ownerDesignName>Investigadores</ownerDesignName>
<pk>true</pk>
<usedAttributes>
<attributeRef>0E7B2CD4-D8F8-1E65-94BD-D04124F03816</attributeRef>
</usedAttributes>
</identifier>
</identifiers>
</Entity>