<?xml version = '1.0' encoding = 'UTF-8'?>
<Entity class="oracle.dbtools.crest.model.design.logical.Entity" directorySegmentName="seg_0" id="05A10254-435C-1FFA-A718-85161450D256" name="Dedicacion">
<createdBy>casa</createdBy>
<createdTime>2020-03-19 22:15:06 UTC</createdTime>
<ownerDesignName>Investigadores</ownerDesignName>
<adequatelyNormalized>NO</adequatelyNormalized>
<expectedVolumes>0</expectedVolumes>
<fwdEngineeringStrategyName>Single Table</fwdEngineeringStrategyName>
<growthPercent>0</growthPercent>
<growthType>Year</growthType>
<maxVolumes>9999999</maxVolumes>
<minVolumes>0</minVolumes>
<normalForm>Third</normalForm>
<attributes itemClass="oracle.dbtools.crest.model.design.logical.Attribute">
<Attribute name="Id_Dedicacion" id="34ABA5FE-CE79-BF11-1BA6-2888A1F605FD">
<createdBy>casa</createdBy>
<createdTime>2020-03-19 22:15:15 UTC</createdTime>
<ownerDesignName>Investigadores</ownerDesignName>
<useDomainConstraints>false</useDomainConstraints>
<use>1</use>
<logicalDatatype>LOGDT011</logicalDatatype>
<ownDataTypeParameters>,,</ownDataTypeParameters>
</Attribute>
<Attribute name="Descripcion" id="9A3557A8-A420-5559-35A6-4DFBD1043278">
<createdBy>casa</createdBy>
<createdTime>2020-03-19 22:15:25 UTC</createdTime>
<ownerDesignName>Investigadores</ownerDesignName>
<nullsAllowed>true</nullsAllowed>
<useDomainConstraints>false</useDomainConstraints>
<use>1</use>
<logicalDatatype>LOGDT024</logicalDatatype>
<dataTypeSize>25</dataTypeSize>
<ownDataTypeParameters>25,,</ownDataTypeParameters>
</Attribute>
</attributes>
<identifiers itemClass="oracle.dbtools.crest.model.design.logical.CandidateKey">
<identifier id="4A5F49D3-AD49-5FC9-6A56-1EFEB339CC78" name="Dedicacion PK">
<createdBy>casa</createdBy>
<createdTime>2020-03-19 22:15:24 UTC</createdTime>
<ownerDesignName>Investigadores</ownerDesignName>
<pk>true</pk>
<usedAttributes>
<attributeRef>34ABA5FE-CE79-BF11-1BA6-2888A1F605FD</attributeRef>
</usedAttributes>
</identifier>
</identifiers>
</Entity>