<?xml version = '1.0' encoding = 'UTF-8'?>
<Entity class="oracle.dbtools.crest.model.design.logical.Entity" directorySegmentName="seg_0" id="18E8AF24-ED4F-B18A-A031-D20658988EB6" name="Historial_Laboral_Profesional">
<createdBy>casa</createdBy>
<createdTime>2020-03-19 22:16:13 UTC</createdTime>
<ownerDesignName>Investigadores</ownerDesignName>
<adequatelyNormalized>NO</adequatelyNormalized>
<expectedVolumes>0</expectedVolumes>
<fwdEngineeringStrategyName>Single Table</fwdEngineeringStrategyName>
<growthPercent>0</growthPercent>
<growthType>Year</growthType>
<maxVolumes>9999999</maxVolumes>
<minVolumes>0</minVolumes>
<normalForm>Third</normalForm>
<attributes itemClass="oracle.dbtools.crest.model.design.logical.Attribute">
<Attribute name="Id_Historial_Laboral_Profesional" id="A8769529-8F2C-A133-742F-2BFB3478C0E6">
<createdBy>casa</createdBy>
<createdTime>2020-03-19 22:16:29 UTC</createdTime>
<ownerDesignName>Investigadores</ownerDesignName>
<useDomainConstraints>false</useDomainConstraints>
<use>1</use>
<logicalDatatype>LOGDT011</logicalDatatype>
<ownDataTypeParameters>,,</ownDataTypeParameters>
</Attribute>
<Attribute name="Id_Institucion" id="CEC3C79E-6878-93AB-A427-B1C2F37C186C">
<createdBy>casa</createdBy>
<createdTime>2020-03-19 22:16:45 UTC</createdTime>
<ownerDesignName>Investigadores</ownerDesignName>
<nullsAllowed>true</nullsAllowed>
<useDomainConstraints>false</useDomainConstraints>
<use>1</use>
<logicalDatatype>LOGDT011</logicalDatatype>
<ownDataTypeParameters>,,</ownDataTypeParameters>
</Attribute>
<Attribute name="Fecha_Inicio" id="912E5E65-321D-84F6-AF15-1A918FD7BC9D">
<createdBy>casa</createdBy>
<createdTime>2020-03-19 22:16:57 UTC</createdTime>
<ownerDesignName>Investigadores</ownerDesignName>
<nullsAllowed>true</nullsAllowed>
<useDomainConstraints>false</useDomainConstraints>
<use>1</use>
<logicalDatatype>LOGDT007</logicalDatatype>
<ownDataTypeParameters>,,</ownDataTypeParameters>
</Attribute>
<Attribute name="fecha_Finalizacion" id="A5C51A79-A006-4FB7-C7A1-F6025C1430F8">
<createdBy>casa</createdBy>
<createdTime>2020-03-19 22:17:08 UTC</createdTime>
<ownerDesignName>Investigadores</ownerDesignName>
<nullsAllowed>true</nullsAllowed>
<useDomainConstraints>false</useDomainConstraints>
<use>1</use>
<logicalDatatype>LOGDT007</logicalDatatype>
<ownDataTypeParameters>,,</ownDataTypeParameters>
</Attribute>
</attributes>
<identifiers itemClass="oracle.dbtools.crest.model.design.logical.CandidateKey">
<identifier id="E07870A3-B0A0-128E-D7E1-375DDE998746" name="Historial_Laboral_Profesional PK">
<createdBy>casa</createdBy>
<createdTime>2020-03-19 22:16:37 UTC</createdTime>
<ownerDesignName>Investigadores</ownerDesignName>
<pk>true</pk>
<usedAttributes>
<attributeRef>A8769529-8F2C-A133-742F-2BFB3478C0E6</attributeRef>
</usedAttributes>
</identifier>
</identifiers>
</Entity>