<?xml version = '1.0' encoding = 'UTF-8'?>
<Entity class="oracle.dbtools.crest.model.design.logical.Entity" directorySegmentName="seg_0" id="35B01CDD-9833-FFDA-0ABC-3226D58056A4" name="Historial_Doctorado">
<createdBy>oracle</createdBy>
<createdTime>2020-03-25 21:59:45 UTC</createdTime>
<ownerDesignName>Investigadores</ownerDesignName>
<adequatelyNormalized>NO</adequatelyNormalized>
<expectedVolumes>0</expectedVolumes>
<fwdEngineeringStrategyName>Single Table</fwdEngineeringStrategyName>
<growthPercent>0</growthPercent>
<growthType>Year</growthType>
<maxVolumes>9999999</maxVolumes>
<minVolumes>0</minVolumes>
<normalForm>Third</normalForm>
<attributes itemClass="oracle.dbtools.crest.model.design.logical.Attribute">
<Attribute name="Id_Historial_Doctorado" id="CBCFBD96-BBAA-B4F7-E5A0-A6C323C06AEA">
<createdBy>oracle</createdBy>
<createdTime>2020-03-25 22:00:21 UTC</createdTime>
<ownerDesignName>Investigadores</ownerDesignName>
<useDomainConstraints>false</useDomainConstraints>
<use>1</use>
<logicalDatatype>LOGDT011</logicalDatatype>
<ownDataTypeParameters>,,</ownDataTypeParameters>
</Attribute>
<Attribute name="Id_Historial_Academico" id="3B2821A6-EC6E-E3FF-FCEE-237AFB510970">
<createdBy>oracle</createdBy>
<createdTime>2020-03-25 22:03:39 UTC</createdTime>
<generatorID>4B4D5FAC-F341-B658-C8D2-4D83CFFABAAD</generatorID>
<ownerDesignName>Investigadores</ownerDesignName>
<referedAttribute>3878B79F-0E64-5A39-4C9D-9D6AAEB4DF23</referedAttribute>
<useDomainConstraints>false</useDomainConstraints>
<use>1</use>
<logicalDatatype>LOGDT011</logicalDatatype>
<ownDataTypeParameters>,,</ownDataTypeParameters>
</Attribute>
<Attribute name="id_Doctorado" id="62C4C47A-56E7-B68F-F24B-8BDB3D4B7685">
<createdBy>oracle</createdBy>
<createdTime>2020-03-25 22:05:15 UTC</createdTime>
<generatorID>2340D93A-9079-FACF-0C81-D4EC7DA18AD9</generatorID>
<ownerDesignName>Investigadores</ownerDesignName>
<referedAttribute>87E9C28F-FAB9-AE5E-83C8-A3360D06A0A7</referedAttribute>
<useDomainConstraints>false</useDomainConstraints>
<use>1</use>
<logicalDatatype>LOGDT011</logicalDatatype>
<ownDataTypeParameters>,,</ownDataTypeParameters>
</Attribute>
</attributes>
<identifiers itemClass="oracle.dbtools.crest.model.design.logical.CandidateKey">
<identifier id="B579C26B-BC55-850F-E132-D220572A2CE3" name="Historial_Doctorado PK">
<createdBy>oracle</createdBy>
<createdTime>2020-03-25 22:00:35 UTC</createdTime>
<ownerDesignName>Investigadores</ownerDesignName>
<pk>true</pk>
<usedAttributes>
<attributeRef>CBCFBD96-BBAA-B4F7-E5A0-A6C323C06AEA</attributeRef>
</usedAttributes>
</identifier>
</identifiers>
</Entity>