<?xml version = '1.0' encoding = 'UTF-8'?>
<Entity class="oracle.dbtools.crest.model.design.logical.Entity" directorySegmentName="seg_0" id="38579492-4CE5-D173-173C-41EF788197B3" name="Actividades_Evaluador">
<createdBy>casa</createdBy>
<createdTime>2020-03-19 22:28:18 UTC</createdTime>
<ownerDesignName>Investigadores</ownerDesignName>
<adequatelyNormalized>NO</adequatelyNormalized>
<expectedVolumes>0</expectedVolumes>
<fwdEngineeringStrategyName>Single Table</fwdEngineeringStrategyName>
<growthPercent>0</growthPercent>
<growthType>Year</growthType>
<maxVolumes>9999999</maxVolumes>
<minVolumes>0</minVolumes>
<normalForm>Third</normalForm>
<attributes itemClass="oracle.dbtools.crest.model.design.logical.Attribute">
<Attribute name="Id_Actividades_Evaluador" id="BC1F04AF-07FD-17B7-C446-59A999AD7A27">
<createdBy>casa</createdBy>
<createdTime>2020-03-19 22:28:18 UTC</createdTime>
<ownerDesignName>Investigadores</ownerDesignName>
<nullsAllowed>true</nullsAllowed>
<use>0</use>
<ownDataTypeParameters>,,</ownDataTypeParameters>
</Attribute>
<Attribute name="Id_Trabajo_Jurado" id="4EFB4F9F-FEF5-2755-2901-471A6E78D9F1">
<createdBy>casa</createdBy>
<createdTime>2020-03-19 22:28:18 UTC</createdTime>
<ownerDesignName>Investigadores</ownerDesignName>
<nullsAllowed>true</nullsAllowed>
<useDomainConstraints>false</useDomainConstraints>
<use>1</use>
<logicalDatatype>LOGDT011</logicalDatatype>
<ownDataTypeParameters>,,</ownDataTypeParameters>
</Attribute>
<Attribute name="Id_Trabajos_Jurado" id="86F1DBD7-47B7-42E1-6CEF-EA4908E7E261">
<createdBy>oracle</createdBy>
<createdTime>2020-03-25 23:39:45 UTC</createdTime>
<generatorID>061604FA-0B5E-B931-6F50-D24C4C887014</generatorID>
<ownerDesignName>Investigadores</ownerDesignName>
<referedAttribute>12DB5202-FBF9-39CD-3438-F927C2A0AAB8</referedAttribute>
<useDomainConstraints>false</useDomainConstraints>
<use>1</use>
<logicalDatatype>LOGDT011</logicalDatatype>
<ownDataTypeParameters>,,</ownDataTypeParameters>
</Attribute>
</attributes>
</Entity>