<?xml version = '1.0' encoding = 'UTF-8'?>
<Entity class="oracle.dbtools.crest.model.design.logical.Entity" directorySegmentName="seg_0" id="566DB607-DC9A-8BFA-B744-35DE751FB7A1" name="Autor">
<createdBy>casa</createdBy>
<createdTime>2020-03-19 22:25:52 UTC</createdTime>
<ownerDesignName>Investigadores</ownerDesignName>
<adequatelyNormalized>NO</adequatelyNormalized>
<expectedVolumes>0</expectedVolumes>
<fwdEngineeringStrategyName>Single Table</fwdEngineeringStrategyName>
<growthPercent>0</growthPercent>
<growthType>Year</growthType>
<maxVolumes>9999999</maxVolumes>
<minVolumes>0</minVolumes>
<normalForm>Third</normalForm>
<attributes itemClass="oracle.dbtools.crest.model.design.logical.Attribute">
<Attribute name="Id_Autor" id="E728160A-FD50-F438-2E14-638A56383EDB">
<createdBy>casa</createdBy>
<createdTime>2020-03-19 22:25:59 UTC</createdTime>
<ownerDesignName>Investigadores</ownerDesignName>
<useDomainConstraints>false</useDomainConstraints>
<use>1</use>
<logicalDatatype>LOGDT011</logicalDatatype>
<ownDataTypeParameters>,,</ownDataTypeParameters>
</Attribute>
<Attribute name="Nombre" id="93829AE7-4521-D81E-8187-D869BCF66FB4">
<createdBy>casa</createdBy>
<createdTime>2020-03-19 22:26:10 UTC</createdTime>
<ownerDesignName>Investigadores</ownerDesignName>
<nullsAllowed>true</nullsAllowed>
<useDomainConstraints>false</useDomainConstraints>
<use>1</use>
<logicalDatatype>LOGDT024</logicalDatatype>
<dataTypeSize>100</dataTypeSize>
<ownDataTypeParameters>100,,</ownDataTypeParameters>
</Attribute>
<Attribute name="Apellido1" id="9182D4A0-0BB5-0836-A05C-EAADA6066157">
<createdBy>casa</createdBy>
<createdTime>2020-03-19 22:26:26 UTC</createdTime>
<ownerDesignName>Investigadores</ownerDesignName>
<nullsAllowed>true</nullsAllowed>
<useDomainConstraints>false</useDomainConstraints>
<use>1</use>
<logicalDatatype>LOGDT024</logicalDatatype>
<dataTypeSize>100</dataTypeSize>
<ownDataTypeParameters>100,,</ownDataTypeParameters>
</Attribute>
<Attribute name="Apellido2" id="434BD691-39A6-40BE-8BA9-6F2DAD222E72">
<createdBy>casa</createdBy>
<createdTime>2020-03-19 22:26:37 UTC</createdTime>
<ownerDesignName>Investigadores</ownerDesignName>
<nullsAllowed>true</nullsAllowed>
<useDomainConstraints>false</useDomainConstraints>
<use>1</use>
<logicalDatatype>LOGDT024</logicalDatatype>
<dataTypeSize>100</dataTypeSize>
<ownDataTypeParameters>100,,</ownDataTypeParameters>
</Attribute>
<Attribute name="Titulo_Maximo" id="03A7F980-AF82-3976-FC11-173E0C23A88E">
<createdBy>casa</createdBy>
<createdTime>2020-03-19 22:37:40 UTC</createdTime>
<ownerDesignName>Investigadores</ownerDesignName>
<nullsAllowed>true</nullsAllowed>
<useDomainConstraints>false</useDomainConstraints>
<use>1</use>
<logicalDatatype>LOGDT024</logicalDatatype>
<dataTypeSize>500</dataTypeSize>
<ownDataTypeParameters>500,,</ownDataTypeParameters>
</Attribute>
<Attribute name="Email" id="1027059D-BA82-FDEB-6881-B4BA6D0CDBB2">
<createdBy>casa</createdBy>
<createdTime>2020-03-19 22:47:30 UTC</createdTime>
<ownerDesignName>Investigadores</ownerDesignName>
<nullsAllowed>true</nullsAllowed>
<useDomainConstraints>false</useDomainConstraints>
<use>1</use>
<logicalDatatype>LOGDT024</logicalDatatype>
<dataTypeSize>100</dataTypeSize>
<ownDataTypeParameters>100,,</ownDataTypeParameters>
</Attribute>
<Attribute name="Id_Programa_Academico" id="F3BC8D7A-4ED9-4C88-F129-193EBAE81CD7">
<createdBy>casa</createdBy>
<createdTime>2020-03-20 00:06:59 UTC</createdTime>
<generatorID>0AE69382-4D84-B415-DCD3-46512352A55D</generatorID>
<ownerDesignName>Investigadores</ownerDesignName>
<referedAttribute>4FAA2FB6-DAC6-D054-E947-A5787F3A0F39</referedAttribute>
<useDomainConstraints>false</useDomainConstraints>
<use>1</use>
<logicalDatatype>LOGDT011</logicalDatatype>
<ownDataTypeParameters>,,</ownDataTypeParameters>
</Attribute>
</attributes>
<identifiers itemClass="oracle.dbtools.crest.model.design.logical.CandidateKey">
<identifier id="0E51C6E4-6F3E-9487-B7F7-5D09B22BDFF0" name="Autor PK">
<createdBy>casa</createdBy>
<createdTime>2020-03-19 22:26:07 UTC</createdTime>
<ownerDesignName>Investigadores</ownerDesignName>
<pk>true</pk>
<usedAttributes>
<attributeRef>E728160A-FD50-F438-2E14-638A56383EDB</attributeRef>
</usedAttributes>
</identifier>
</identifiers>
</Entity>