<?xml version = '1.0' encoding = 'UTF-8'?>
<Entity class="oracle.dbtools.crest.model.design.logical.Entity" directorySegmentName="seg_0" id="7BC26D4C-D6B8-3DE2-DC42-A7E0721D45C3" name="Institucion_Doctorado">
<createdBy>casa</createdBy>
<createdTime>2020-03-19 21:59:05 UTC</createdTime>
<ownerDesignName>Investigadores</ownerDesignName>
<adequatelyNormalized>NO</adequatelyNormalized>
<expectedVolumes>0</expectedVolumes>
<fwdEngineeringStrategyName>Single Table</fwdEngineeringStrategyName>
<growthPercent>0</growthPercent>
<growthType>Year</growthType>
<maxVolumes>9999999</maxVolumes>
<minVolumes>0</minVolumes>
<normalForm>Third</normalForm>
<attributes itemClass="oracle.dbtools.crest.model.design.logical.Attribute">
<Attribute name="Id_Institucion_Doctorado" id="32BF1A16-4C7A-9CBD-B6C3-E143D1E0B8D5">
<createdBy>casa</createdBy>
<createdTime>2020-03-19 21:59:05 UTC</createdTime>
<ownerDesignName>Investigadores</ownerDesignName>
<useDomainConstraints>false</useDomainConstraints>
<use>1</use>
<logicalDatatype>LOGDT011</logicalDatatype>
<ownDataTypeParameters>,,</ownDataTypeParameters>
</Attribute>
<Attribute name="id_Doctorado" id="4E8C0805-6670-0290-4B89-B08A696476F2">
<createdBy>oracle</createdBy>
<createdTime>2020-03-25 23:28:57 UTC</createdTime>
<generatorID>F5CC3DC8-F6D5-CE87-36C4-8398220EA06B</generatorID>
<ownerDesignName>Investigadores</ownerDesignName>
<referedAttribute>87E9C28F-FAB9-AE5E-83C8-A3360D06A0A7</referedAttribute>
<useDomainConstraints>false</useDomainConstraints>
<use>1</use>
<logicalDatatype>LOGDT011</logicalDatatype>
<ownDataTypeParameters>,,</ownDataTypeParameters>
</Attribute>
</attributes>
<identifiers itemClass="oracle.dbtools.crest.model.design.logical.CandidateKey">
<identifier id="C4589F29-B31F-2A84-282A-F7465D5114A2" name="Institucion_Pregrado PK">
<createdBy>casa</createdBy>
<createdTime>2020-03-19 21:59:05 UTC</createdTime>
<ownerDesignName>Investigadores</ownerDesignName>
<pk>true</pk>
<usedAttributes>
<attributeRef>32BF1A16-4C7A-9CBD-B6C3-E143D1E0B8D5</attributeRef>
</usedAttributes>
</identifier>
</identifiers>
</Entity>