<?xml version = '1.0' encoding = 'UTF-8'?>
<Entity class="oracle.dbtools.crest.model.design.logical.Entity" directorySegmentName="seg_0" id="7E93FE77-4CA8-B0E5-3EFA-DDD56A02E07D" name="Identificacion_Investigadores">
<createdBy>casa</createdBy>
<createdTime>2020-03-19 21:04:01 UTC</createdTime>
<ownerDesignName>Investigadores</ownerDesignName>
<adequatelyNormalized>NO</adequatelyNormalized>
<expectedVolumes>0</expectedVolumes>
<fwdEngineeringStrategyName>Single Table</fwdEngineeringStrategyName>
<growthPercent>0</growthPercent>
<growthType>Year</growthType>
<maxVolumes>9999999</maxVolumes>
<minVolumes>0</minVolumes>
<normalForm>Third</normalForm>
<attributes itemClass="oracle.dbtools.crest.model.design.logical.Attribute">
<Attribute name="Id_Investigacion" id="EF66A66C-7C96-EEEE-159C-D8765E9B7D47">
<createdBy>casa</createdBy>
<createdTime>2020-03-19 21:05:39 UTC</createdTime>
<ownerDesignName>Investigadores</ownerDesignName>
<useDomainConstraints>false</useDomainConstraints>
<use>1</use>
<logicalDatatype>LOGDT011</logicalDatatype>
<ownDataTypeParameters>,,</ownDataTypeParameters>
</Attribute>
<Attribute name="Nombre" id="9CC83652-66A5-D05E-A21F-7E041430FE3F">
<createdBy>casa</createdBy>
<createdTime>2020-03-19 21:04:27 UTC</createdTime>
<ownerDesignName>Investigadores</ownerDesignName>
<nullsAllowed>true</nullsAllowed>
<useDomainConstraints>false</useDomainConstraints>
<use>1</use>
<logicalDatatype>LOGDT024</logicalDatatype>
<dataTypeSize>100</dataTypeSize>
<ownDataTypeParameters>100,,</ownDataTypeParameters>
</Attribute>
<Attribute name="Primer_Apellido" id="51A8AC4D-E411-D483-E932-E21F5D8A2886">
<createdBy>casa</createdBy>
<createdTime>2020-03-19 21:13:34 UTC</createdTime>
<ownerDesignName>Investigadores</ownerDesignName>
<nullsAllowed>true</nullsAllowed>
<useDomainConstraints>false</useDomainConstraints>
<use>1</use>
<logicalDatatype>LOGDT024</logicalDatatype>
<dataTypeSize>100</dataTypeSize>
<ownDataTypeParameters>100,,</ownDataTypeParameters>
</Attribute>
<Attribute name="Segundo_Apellido" id="C00902C8-F771-E91A-B2DA-797CA5FBCBA1">
<createdBy>casa</createdBy>
<createdTime>2020-03-19 21:13:52 UTC</createdTime>
<ownerDesignName>Investigadores</ownerDesignName>
<nullsAllowed>true</nullsAllowed>
<useDomainConstraints>false</useDomainConstraints>
<use>1</use>
<logicalDatatype>LOGDT024</logicalDatatype>
<dataTypeSize>100</dataTypeSize>
<ownDataTypeParameters>100,,</ownDataTypeParameters>
</Attribute>
<Attribute name="Fecha_Nacimiento" id="7E897528-F148-EF10-CA9A-069F93C23B54">
<createdBy>casa</createdBy>
<createdTime>2020-03-19 21:16:28 UTC</createdTime>
<ownerDesignName>Investigadores</ownerDesignName>
<nullsAllowed>true</nullsAllowed>
<useDomainConstraints>false</useDomainConstraints>
<use>1</use>
<logicalDatatype>LOGDT007</logicalDatatype>
<ownDataTypeParameters>,,</ownDataTypeParameters>
</Attribute>
<Attribute name="Edad" id="71AA00E3-D088-1F23-AEEB-7BB9FCCC6F9B">
<createdBy>casa</createdBy>
<createdTime>2020-03-19 21:17:22 UTC</createdTime>
<ownerDesignName>Investigadores</ownerDesignName>
<nullsAllowed>true</nullsAllowed>
<useDomainConstraints>false</useDomainConstraints>
<use>1</use>
<logicalDatatype>LOGDT011</logicalDatatype>
<ownDataTypeParameters>,,</ownDataTypeParameters>
</Attribute>
<Attribute name="Id_Libreta_Militar" id="D9246348-C7EF-2DA2-8945-48FDE46F2425">
<createdBy>casa</createdBy>
<createdTime>2020-03-19 21:17:48 UTC</createdTime>
<ownerDesignName>Investigadores</ownerDesignName>
<nullsAllowed>true</nullsAllowed>
<useDomainConstraints>false</useDomainConstraints>
<use>1</use>
<logicalDatatype>LOGDT011</logicalDatatype>
<ownDataTypeParameters>,,</ownDataTypeParameters>
</Attribute>
<Attribute name="Fecha_Inscripcion" id="FABF0C37-5023-A6A9-5012-0C7C83F385C4">
<createdBy>casa</createdBy>
<createdTime>2020-03-19 21:18:11 UTC</createdTime>
<ownerDesignName>Investigadores</ownerDesignName>
<nullsAllowed>true</nullsAllowed>
<useDomainConstraints>false</useDomainConstraints>
<use>1</use>
<logicalDatatype>LOGDT007</logicalDatatype>
<ownDataTypeParameters>,,</ownDataTypeParameters>
</Attribute>
<Attribute name="Foto" id="8CA32E11-3DA6-6C3F-5BC6-91490E1B5DDF">
<createdBy>casa</createdBy>
<createdTime>2020-03-19 21:18:32 UTC</createdTime>
<ownerDesignName>Investigadores</ownerDesignName>
<nullsAllowed>true</nullsAllowed>
<useDomainConstraints>false</useDomainConstraints>
<use>1</use>
<logicalDatatype>LOGDT010</logicalDatatype>
<ownDataTypeParameters>,,</ownDataTypeParameters>
</Attribute>
<Attribute name="Hoja_Vida" id="CDB22FD0-6CBF-B57D-A11A-F9DFFCA7FC95">
<createdBy>casa</createdBy>
<createdTime>2020-03-19 21:18:57 UTC</createdTime>
<ownerDesignName>Investigadores</ownerDesignName>
<nullsAllowed>true</nullsAllowed>
<useDomainConstraints>false</useDomainConstraints>
<use>1</use>
<logicalDatatype>LOGDT024</logicalDatatype>
<dataTypeSize>500</dataTypeSize>
<ownDataTypeParameters>500,,</ownDataTypeParameters>
</Attribute>
<Attribute name="Direccion_Residencia" id="43BC1A9A-964A-2B42-30D3-1CD38B5E6B55">
<createdBy>casa</createdBy>
<createdTime>2020-03-19 21:19:37 UTC</createdTime>
<ownerDesignName>Investigadores</ownerDesignName>
<nullsAllowed>true</nullsAllowed>
<useDomainConstraints>false</useDomainConstraints>
<use>1</use>
<logicalDatatype>LOGDT024</logicalDatatype>
<dataTypeSize>250</dataTypeSize>
<ownDataTypeParameters>250,,</ownDataTypeParameters>
</Attribute>
<Attribute name="Web" id="4EFCC25E-D437-B57B-5F8F-9318B3D735A4">
<createdBy>casa</createdBy>
<createdTime>2020-03-19 21:20:27 UTC</createdTime>
<ownerDesignName>Investigadores</ownerDesignName>
<nullsAllowed>true</nullsAllowed>
<useDomainConstraints>false</useDomainConstraints>
<use>1</use>
<logicalDatatype>LOGDT024</logicalDatatype>
<ownDataTypeParameters>,,</ownDataTypeParameters>
</Attribute>
<Attribute name="Correo_Personal" id="5754DC1F-482F-48AC-3286-18C3EBB3BFE1">
<createdBy>casa</createdBy>
<createdTime>2020-03-19 21:20:58 UTC</createdTime>
<ownerDesignName>Investigadores</ownerDesignName>
<nullsAllowed>true</nullsAllowed>
<useDomainConstraints>false</useDomainConstraints>
<use>1</use>
<logicalDatatype>LOGDT024</logicalDatatype>
<dataTypeSize>100</dataTypeSize>
<ownDataTypeParameters>100,,</ownDataTypeParameters>
</Attribute>
<Attribute name="Correo_Institucional" id="5FEA897F-3B69-98F6-FB09-F1361096991E">
<createdBy>casa</createdBy>
<createdTime>2020-03-19 21:22:17 UTC</createdTime>
<ownerDesignName>Investigadores</ownerDesignName>
<nullsAllowed>true</nullsAllowed>
<useDomainConstraints>false</useDomainConstraints>
<use>1</use>
<logicalDatatype>LOGDT024</logicalDatatype>
<dataTypeSize>100</dataTypeSize>
<ownDataTypeParameters>100,,</ownDataTypeParameters>
</Attribute>
<Attribute name="Telefono_Fijo" id="A3526802-9E58-82BC-7CE7-A59E96E126BD">
<createdBy>casa</createdBy>
<createdTime>2020-03-19 21:23:07 UTC</createdTime>
<ownerDesignName>Investigadores</ownerDesignName>
<nullsAllowed>true</nullsAllowed>
<useDomainConstraints>false</useDomainConstraints>
<use>1</use>
<logicalDatatype>LOGDT011</logicalDatatype>
<ownDataTypeParameters>,,</ownDataTypeParameters>
</Attribute>
<Attribute name="Telefono_Movil" id="020072B1-26B2-DCFC-C69F-006E8DE3A51C">
<createdBy>casa</createdBy>
<createdTime>2020-03-19 21:23:40 UTC</createdTime>
<ownerDesignName>Investigadores</ownerDesignName>
<nullsAllowed>true</nullsAllowed>
<useDomainConstraints>false</useDomainConstraints>
<use>1</use>
<logicalDatatype>LOGDT011</logicalDatatype>
<ownDataTypeParameters>,,</ownDataTypeParameters>
</Attribute>
<Attribute name="Id_Tipo_Documento" id="EA2E66F9-D683-5CD2-9581-D41766FC5381">
<createdBy>oracle</createdBy>
<createdTime>2020-03-25 18:41:55 UTC</createdTime>
<generatorID>5E595912-1466-B438-5588-B15D2011E52C</generatorID>
<ownerDesignName>Investigadores</ownerDesignName>
<referedAttribute>AB1799D9-287A-118F-53E5-8E12CA2AE056</referedAttribute>
<useDomainConstraints>false</useDomainConstraints>
<use>1</use>
<logicalDatatype>LOGDT011</logicalDatatype>
<ownDataTypeParameters>,,</ownDataTypeParameters>
</Attribute>
<Attribute name="Id_Nacionalidad " id="264B3BA5-B19A-481F-561E-0D793AF67E54">
<createdBy>oracle</createdBy>
<createdTime>2020-03-25 18:43:46 UTC</createdTime>
<generatorID>36E93706-EDF5-4ED9-8DF7-A9E5717E3C84</generatorID>
<ownerDesignName>Investigadores</ownerDesignName>
<referedAttribute>232368B0-037F-0F12-4B03-D64776A8F374</referedAttribute>
<useDomainConstraints>false</useDomainConstraints>
<use>1</use>
<logicalDatatype>LOGDT011</logicalDatatype>
<ownDataTypeParameters>,,</ownDataTypeParameters>
</Attribute>
<Attribute name="Id_Genero" id="CACD5043-C1BF-A401-2D87-ADED276B870D">
<createdBy>oracle</createdBy>
<createdTime>2020-03-25 18:49:03 UTC</createdTime>
<generatorID>4E04A4EC-E226-AB9C-B55A-729E8BB1539D</generatorID>
<ownerDesignName>Investigadores</ownerDesignName>
<referedAttribute>64D21139-B4F7-43A2-184C-9DE1FFF75C3E</referedAttribute>
<useDomainConstraints>false</useDomainConstraints>
<use>1</use>
<logicalDatatype>LOGDT011</logicalDatatype>
<ownDataTypeParameters>,,</ownDataTypeParameters>
</Attribute>
<Attribute name="Id_Libreta_Militar1" id="E5220D34-CA01-0833-D83D-31130C5E9050">
<createdBy>oracle</createdBy>
<createdTime>2020-03-25 19:01:10 UTC</createdTime>
<generatorID>367DDFA1-EB8D-7F64-49E0-80A83C65EAE5</generatorID>
<ownerDesignName>Investigadores</ownerDesignName>
<referedAttribute>8014C578-1466-828E-41D3-DA78D2FF08E1</referedAttribute>
<useDomainConstraints>false</useDomainConstraints>
<use>1</use>
<logicalDatatype>LOGDT011</logicalDatatype>
<ownDataTypeParameters>,,</ownDataTypeParameters>
</Attribute>
</attributes>
<identifiers itemClass="oracle.dbtools.crest.model.design.logical.CandidateKey">
<identifier id="F1A4FA5A-448F-3925-297C-85793C9B24D0" name="Identificacion_Investigadores PK">
<createdBy>casa</createdBy>
<createdTime>2020-03-19 21:05:54 UTC</createdTime>
<ownerDesignName>Investigadores</ownerDesignName>
<pk>true</pk>
<usedAttributes>
<attributeRef>EF66A66C-7C96-EEEE-159C-D8765E9B7D47</attributeRef>
</usedAttributes>
</identifier>
</identifiers>
</Entity>