<?xml version = '1.0' encoding = 'UTF-8'?>
<Entity class="oracle.dbtools.crest.model.design.logical.Entity" directorySegmentName="seg_0" id="7ED4FDF3-FA46-ABE4-7CB1-437D95D2C8B4" name="Produccion_Bibliografica">
<createdBy>casa</createdBy>
<createdTime>2020-03-19 22:31:24 UTC</createdTime>
<ownerDesignName>Investigadores</ownerDesignName>
<adequatelyNormalized>NO</adequatelyNormalized>
<expectedVolumes>0</expectedVolumes>
<fwdEngineeringStrategyName>Single Table</fwdEngineeringStrategyName>
<growthPercent>0</growthPercent>
<growthType>Year</growthType>
<maxVolumes>9999999</maxVolumes>
<minVolumes>0</minVolumes>
<normalForm>Third</normalForm>
<attributes itemClass="oracle.dbtools.crest.model.design.logical.Attribute">
<Attribute name="Id_Produccion_Bibliografica" id="9B1C705E-A7FC-876E-9629-840277C631C2">
<createdBy>casa</createdBy>
<createdTime>2020-03-19 22:32:30 UTC</createdTime>
<ownerDesignName>Investigadores</ownerDesignName>
<useDomainConstraints>false</useDomainConstraints>
<use>1</use>
<logicalDatatype>LOGDT011</logicalDatatype>
<ownDataTypeParameters>,,</ownDataTypeParameters>
</Attribute>
<Attribute name="Produccion_Bibliografica" id="B91D0292-B07A-8EAD-E0F7-EE48AC00B094">
<createdBy>casa</createdBy>
<createdTime>2020-03-19 22:32:57 UTC</createdTime>
<ownerDesignName>Investigadores</ownerDesignName>
<nullsAllowed>true</nullsAllowed>
<useDomainConstraints>false</useDomainConstraints>
<use>1</use>
<logicalDatatype>LOGDT024</logicalDatatype>
<dataTypeSize>200</dataTypeSize>
<ownDataTypeParameters>200,,</ownDataTypeParameters>
</Attribute>
</attributes>
<identifiers itemClass="oracle.dbtools.crest.model.design.logical.CandidateKey">
<identifier id="A567E4C0-9E7B-9AE9-2C78-8BE13F16532B" name="Produccion_Bibliografica PK">
<createdBy>casa</createdBy>
<createdTime>2020-03-19 22:33:05 UTC</createdTime>
<ownerDesignName>Investigadores</ownerDesignName>
<pk>true</pk>
<usedAttributes>
<attributeRef>9B1C705E-A7FC-876E-9629-840277C631C2</attributeRef>
</usedAttributes>
</identifier>
</identifiers>
</Entity>