<?xml version = '1.0' encoding = 'UTF-8'?>
<Entity class="oracle.dbtools.crest.model.design.logical.Entity" directorySegmentName="seg_0" id="82C2C965-4B49-9748-D4E3-F06D617AE1F5" name="Linea_Prod_Arte">
<createdBy>casa</createdBy>
<createdTime>2020-03-19 23:17:53 UTC</createdTime>
<ownerDesignName>Investigadores</ownerDesignName>
<adequatelyNormalized>NO</adequatelyNormalized>
<expectedVolumes>0</expectedVolumes>
<fwdEngineeringStrategyName>Single Table</fwdEngineeringStrategyName>
<growthPercent>0</growthPercent>
<growthType>Year</growthType>
<maxVolumes>9999999</maxVolumes>
<minVolumes>0</minVolumes>
<normalForm>Third</normalForm>
<attributes itemClass="oracle.dbtools.crest.model.design.logical.Attribute">
<Attribute name="Id_Linea_Prod_Arte" id="8BD2737B-D92E-E654-FE88-2073246D7642">
<createdBy>casa</createdBy>
<createdTime>2020-03-19 23:18:46 UTC</createdTime>
<ownerDesignName>Investigadores</ownerDesignName>
<useDomainConstraints>false</useDomainConstraints>
<use>1</use>
<logicalDatatype>LOGDT011</logicalDatatype>
<ownDataTypeParameters>,,</ownDataTypeParameters>
</Attribute>
<Attribute name="Id_Linea_Investigacion" id="7AD94019-60D5-0D9A-EF06-0DC66B856676">
<createdBy>casa</createdBy>
<createdTime>2020-03-19 23:19:14 UTC</createdTime>
<generatorID>A8AFE4AC-E68E-BE71-6C9E-991DD83746FD</generatorID>
<ownerDesignName>Investigadores</ownerDesignName>
<referedAttribute>7564272A-337E-0B91-BB1A-013B23893A6A</referedAttribute>
<useDomainConstraints>false</useDomainConstraints>
<use>1</use>
<logicalDatatype>LOGDT011</logicalDatatype>
<ownDataTypeParameters>,,</ownDataTypeParameters>
</Attribute>
<Attribute name="Id_Produccion_Arte" id="48CAE3B2-3C75-8C29-AB60-D422703FF516">
<createdBy>casa</createdBy>
<createdTime>2020-03-19 23:19:20 UTC</createdTime>
<generatorID>3FE26AE5-06A8-D22D-7295-C43602E0EABE</generatorID>
<ownerDesignName>Investigadores</ownerDesignName>
<referedAttribute>B4683959-FD52-B290-E13B-3F0134A6A3E9</referedAttribute>
<useDomainConstraints>false</useDomainConstraints>
<use>1</use>
<logicalDatatype>LOGDT011</logicalDatatype>
<ownDataTypeParameters>,,</ownDataTypeParameters>
</Attribute>
</attributes>
<identifiers itemClass="oracle.dbtools.crest.model.design.logical.CandidateKey">
<identifier id="665FB534-F9FB-40EE-31CC-EF61A9FA71D5" name="Linea_Prod_Arte PK">
<createdBy>casa</createdBy>
<createdTime>2020-03-19 23:18:59 UTC</createdTime>
<ownerDesignName>Investigadores</ownerDesignName>
<pk>true</pk>
<usedAttributes>
<attributeRef>8BD2737B-D92E-E654-FE88-2073246D7642</attributeRef>
</usedAttributes>
</identifier>
</identifiers>
</Entity>