<?xml version = '1.0' encoding = 'UTF-8'?>
<Entity class="oracle.dbtools.crest.model.design.logical.Entity" directorySegmentName="seg_0" id="833441C1-13E9-CF4D-9B36-E52788922EF4" name="Linea_Trabajos_Jurado">
<createdBy>casa</createdBy>
<createdTime>2020-03-19 23:43:03 UTC</createdTime>
<ownerDesignName>Investigadores</ownerDesignName>
<adequatelyNormalized>NO</adequatelyNormalized>
<expectedVolumes>0</expectedVolumes>
<fwdEngineeringStrategyName>Single Table</fwdEngineeringStrategyName>
<growthPercent>0</growthPercent>
<growthType>Year</growthType>
<maxVolumes>9999999</maxVolumes>
<minVolumes>0</minVolumes>
<normalForm>Third</normalForm>
<attributes itemClass="oracle.dbtools.crest.model.design.logical.Attribute">
<Attribute name="Id_Linea_Trabajos_Jurado" id="4BE37141-AF52-F06C-88CE-7351FB6959FC">
<createdBy>casa</createdBy>
<createdTime>2020-03-19 23:43:03 UTC</createdTime>
<ownerDesignName>Investigadores</ownerDesignName>
<useDomainConstraints>false</useDomainConstraints>
<use>1</use>
<logicalDatatype>LOGDT011</logicalDatatype>
<ownDataTypeParameters>,,</ownDataTypeParameters>
</Attribute>
<Attribute name="Id_Linea_Investigacion" id="03082598-5FF9-DC1D-F5ED-EC220562A052">
<createdBy>casa</createdBy>
<createdTime>2020-03-19 23:43:49 UTC</createdTime>
<generatorID>E556225C-46F5-1834-CFC4-2AAF41F8361E</generatorID>
<ownerDesignName>Investigadores</ownerDesignName>
<referedAttribute>7564272A-337E-0B91-BB1A-013B23893A6A</referedAttribute>
<useDomainConstraints>false</useDomainConstraints>
<use>1</use>
<logicalDatatype>LOGDT011</logicalDatatype>
<ownDataTypeParameters>,,</ownDataTypeParameters>
</Attribute>
<Attribute name="Id_Trabajos_Jurado" id="AC27FCBE-8C8B-034C-7888-69E23A890C29">
<createdBy>casa</createdBy>
<createdTime>2020-03-19 23:43:54 UTC</createdTime>
<generatorID>621DCEEE-6CE8-79C0-4B56-6477C02B14E7</generatorID>
<ownerDesignName>Investigadores</ownerDesignName>
<referedAttribute>12DB5202-FBF9-39CD-3438-F927C2A0AAB8</referedAttribute>
<useDomainConstraints>false</useDomainConstraints>
<use>1</use>
<logicalDatatype>LOGDT011</logicalDatatype>
<ownDataTypeParameters>,,</ownDataTypeParameters>
</Attribute>
</attributes>
<identifiers itemClass="oracle.dbtools.crest.model.design.logical.CandidateKey">
<identifier id="C1073290-79FE-1DE1-F05F-801E8CAFF3BF" name="Linea_Libros PK">
<createdBy>casa</createdBy>
<createdTime>2020-03-19 23:43:03 UTC</createdTime>
<ownerDesignName>Investigadores</ownerDesignName>
<pk>true</pk>
<usedAttributes>
<attributeRef>4BE37141-AF52-F06C-88CE-7351FB6959FC</attributeRef>
</usedAttributes>
</identifier>
</identifiers>
</Entity>