<?xml version = '1.0' encoding = 'UTF-8'?>
<Entity class="oracle.dbtools.crest.model.design.logical.Entity" directorySegmentName="seg_0" id="87AA6714-EF7B-79A3-E3EF-B92AE18A388B" name="Pregrado">
<createdBy>casa</createdBy>
<createdTime>2020-03-19 21:44:15 UTC</createdTime>
<ownerDesignName>Investigadores</ownerDesignName>
<adequatelyNormalized>NO</adequatelyNormalized>
<expectedVolumes>0</expectedVolumes>
<fwdEngineeringStrategyName>Single Table</fwdEngineeringStrategyName>
<growthPercent>0</growthPercent>
<growthType>Year</growthType>
<maxVolumes>9999999</maxVolumes>
<minVolumes>0</minVolumes>
<normalForm>Third</normalForm>
<attributes itemClass="oracle.dbtools.crest.model.design.logical.Attribute">
<Attribute name="Id_Pregrado" id="BD446C3A-9AD4-E9A3-1E7C-028ABEF19E59">
<createdBy>casa</createdBy>
<createdTime>2020-03-19 21:44:33 UTC</createdTime>
<ownerDesignName>Investigadores</ownerDesignName>
<useDomainConstraints>false</useDomainConstraints>
<use>1</use>
<logicalDatatype>LOGDT011</logicalDatatype>
<ownDataTypeParameters>,,</ownDataTypeParameters>
</Attribute>
<Attribute name="Fecha_Inicio" id="5B1F9F42-A27E-E368-1EFE-0C7197336EE7">
<createdBy>casa</createdBy>
<createdTime>2020-03-19 21:44:47 UTC</createdTime>
<ownerDesignName>Investigadores</ownerDesignName>
<nullsAllowed>true</nullsAllowed>
<useDomainConstraints>false</useDomainConstraints>
<use>1</use>
<logicalDatatype>LOGDT007</logicalDatatype>
<ownDataTypeParameters>,,</ownDataTypeParameters>
</Attribute>
<Attribute name="Fecha_Termino" id="2C5BB527-5854-6F77-E27C-593424A073F7">
<createdBy>casa</createdBy>
<createdTime>2020-03-19 21:45:16 UTC</createdTime>
<ownerDesignName>Investigadores</ownerDesignName>
<nullsAllowed>true</nullsAllowed>
<useDomainConstraints>false</useDomainConstraints>
<use>1</use>
<ownDataTypeParameters>,,</ownDataTypeParameters>
</Attribute>
<Attribute name="Numero_Semestre" id="D61931E7-6D90-ADD5-1348-B3649CB725CC">
<createdBy>casa</createdBy>
<createdTime>2020-03-19 21:45:30 UTC</createdTime>
<ownerDesignName>Investigadores</ownerDesignName>
<nullsAllowed>true</nullsAllowed>
<useDomainConstraints>false</useDomainConstraints>
<use>1</use>
<logicalDatatype>LOGDT011</logicalDatatype>
<ownDataTypeParameters>,,</ownDataTypeParameters>
</Attribute>
<Attribute name="Promedio_Academico" id="26BBE4E7-2404-B6A0-4A78-D713FD1C6396">
<createdBy>casa</createdBy>
<createdTime>2020-03-19 21:46:09 UTC</createdTime>
<ownerDesignName>Investigadores</ownerDesignName>
<nullsAllowed>true</nullsAllowed>
<useDomainConstraints>false</useDomainConstraints>
<use>1</use>
<logicalDatatype>LOGDT019</logicalDatatype>
<dataTypePrecision>4</dataTypePrecision>
<dataTypeScale>2</dataTypeScale>
<ownDataTypeParameters>,4,2</ownDataTypeParameters>
</Attribute>
<Attribute name="Nombre_Pregrado" id="70430BB7-5019-9FAA-E3D8-72F470F049A5">
<createdBy>casa</createdBy>
<createdTime>2020-03-19 21:46:34 UTC</createdTime>
<ownerDesignName>Investigadores</ownerDesignName>
<nullsAllowed>true</nullsAllowed>
<useDomainConstraints>false</useDomainConstraints>
<use>1</use>
<logicalDatatype>LOGDT024</logicalDatatype>
<dataTypeSize>500</dataTypeSize>
<ownDataTypeParameters>500,,</ownDataTypeParameters>
</Attribute>
</attributes>
<identifiers itemClass="oracle.dbtools.crest.model.design.logical.CandidateKey">
<identifier id="5EED2FE8-AC59-8E61-255E-2EC7BA418BA8" name="Pregrado PK">
<createdBy>casa</createdBy>
<createdTime>2020-03-19 21:44:45 UTC</createdTime>
<ownerDesignName>Investigadores</ownerDesignName>
<pk>true</pk>
<usedAttributes>
<attributeRef>BD446C3A-9AD4-E9A3-1E7C-028ABEF19E59</attributeRef>
</usedAttributes>
</identifier>
</identifiers>
</Entity>