<?xml version = '1.0' encoding = 'UTF-8'?>
<Entity class="oracle.dbtools.crest.model.design.logical.Entity" directorySegmentName="seg_0" id="8DC1E24F-7E71-D4D6-B89C-4D4164B8B2CD" name="Numero_Paginas">
<createdBy>casa</createdBy>
<createdTime>2020-03-19 22:45:21 UTC</createdTime>
<ownerDesignName>Investigadores</ownerDesignName>
<adequatelyNormalized>NO</adequatelyNormalized>
<expectedVolumes>0</expectedVolumes>
<fwdEngineeringStrategyName>Single Table</fwdEngineeringStrategyName>
<growthPercent>0</growthPercent>
<growthType>Year</growthType>
<maxVolumes>9999999</maxVolumes>
<minVolumes>0</minVolumes>
<normalForm>Third</normalForm>
<attributes itemClass="oracle.dbtools.crest.model.design.logical.Attribute">
<Attribute name="Id_Numero_Paginas" id="BAF1E848-9D89-F379-8A4B-067B59893863">
<createdBy>casa</createdBy>
<createdTime>2020-03-19 22:45:29 UTC</createdTime>
<ownerDesignName>Investigadores</ownerDesignName>
<useDomainConstraints>false</useDomainConstraints>
<use>1</use>
<logicalDatatype>LOGDT011</logicalDatatype>
<ownDataTypeParameters>,,</ownDataTypeParameters>
</Attribute>
<Attribute name="Anio_Publicacion" id="0D0B7770-2D53-3DC5-3471-712B2EAE920C">
<createdBy>casa</createdBy>
<createdTime>2020-03-19 22:45:39 UTC</createdTime>
<ownerDesignName>Investigadores</ownerDesignName>
<nullsAllowed>true</nullsAllowed>
<useDomainConstraints>false</useDomainConstraints>
<use>1</use>
<logicalDatatype>LOGDT011</logicalDatatype>
<ownDataTypeParameters>,,</ownDataTypeParameters>
</Attribute>
<Attribute name="Id_Linea_Investigacion" id="EF55755D-52A7-C94F-881F-CB6D74743E19">
<createdBy>casa</createdBy>
<createdTime>2020-03-19 22:47:02 UTC</createdTime>
<generatorID>9E36D4D1-769E-F419-6816-A5BCBEA9C5D9</generatorID>
<ownerDesignName>Investigadores</ownerDesignName>
<referedAttribute>7564272A-337E-0B91-BB1A-013B23893A6A</referedAttribute>
<useDomainConstraints>false</useDomainConstraints>
<use>1</use>
<logicalDatatype>LOGDT011</logicalDatatype>
<ownDataTypeParameters>,,</ownDataTypeParameters>
</Attribute>
</attributes>
<identifiers itemClass="oracle.dbtools.crest.model.design.logical.CandidateKey">
<identifier id="E01BD97F-6819-4F36-67DB-993A8A13404B" name="Numero_Paginas PK">
<createdBy>casa</createdBy>
<createdTime>2020-03-19 22:45:42 UTC</createdTime>
<ownerDesignName>Investigadores</ownerDesignName>
<pk>true</pk>
<usedAttributes>
<attributeRef>BAF1E848-9D89-F379-8A4B-067B59893863</attributeRef>
</usedAttributes>
</identifier>
</identifiers>
</Entity>