<?xml version = '1.0' encoding = 'UTF-8'?>
<Entity class="oracle.dbtools.crest.model.design.logical.Entity" directorySegmentName="seg_0" id="9067E10D-A3B9-96A6-8231-5F42D4A8C804" name="Revista_Publicacion">
<createdBy>oracle</createdBy>
<createdTime>2020-03-25 23:46:47 UTC</createdTime>
<ownerDesignName>Investigadores</ownerDesignName>
<adequatelyNormalized>NO</adequatelyNormalized>
<expectedVolumes>0</expectedVolumes>
<fwdEngineeringStrategyName>Single Table</fwdEngineeringStrategyName>
<growthPercent>0</growthPercent>
<growthType>Year</growthType>
<maxVolumes>9999999</maxVolumes>
<minVolumes>0</minVolumes>
<normalForm>Third</normalForm>
<attributes itemClass="oracle.dbtools.crest.model.design.logical.Attribute">
<Attribute name="Id_Revista_Publicacion" id="091D1F8E-6236-7A96-BA64-B7B3A62992A1">
<createdBy>oracle</createdBy>
<createdTime>2020-03-25 23:47:01 UTC</createdTime>
<ownerDesignName>Investigadores</ownerDesignName>
<useDomainConstraints>false</useDomainConstraints>
<use>1</use>
<logicalDatatype>LOGDT011</logicalDatatype>
<ownDataTypeParameters>,,</ownDataTypeParameters>
</Attribute>
<Attribute name="Nombre_Revista" id="C8B895FB-D200-6B88-3542-C446750F2679">
<createdBy>oracle</createdBy>
<createdTime>2020-03-25 23:47:11 UTC</createdTime>
<ownerDesignName>Investigadores</ownerDesignName>
<nullsAllowed>true</nullsAllowed>
<useDomainConstraints>false</useDomainConstraints>
<use>1</use>
<logicalDatatype>LOGDT024</logicalDatatype>
<dataTypeSize>500</dataTypeSize>
<ownDataTypeParameters>500,,</ownDataTypeParameters>
</Attribute>
<Attribute name="ISBN" id="9CDE2209-0B7A-C67E-432A-51A875F2A231">
<createdBy>oracle</createdBy>
<createdTime>2020-03-25 23:47:43 UTC</createdTime>
<ownerDesignName>Investigadores</ownerDesignName>
<nullsAllowed>true</nullsAllowed>
<useDomainConstraints>false</useDomainConstraints>
<use>1</use>
<logicalDatatype>LOGDT024</logicalDatatype>
<dataTypeSize>100</dataTypeSize>
<ownDataTypeParameters>100,,</ownDataTypeParameters>
</Attribute>
</attributes>
<identifiers itemClass="oracle.dbtools.crest.model.design.logical.CandidateKey">
<identifier id="E7E64FF5-50B8-F8BF-F43C-708E24D614E1" name="Revista_Publicacion PK">
<createdBy>oracle</createdBy>
<createdTime>2020-03-25 23:47:09 UTC</createdTime>
<ownerDesignName>Investigadores</ownerDesignName>
<pk>true</pk>
<usedAttributes>
<attributeRef>091D1F8E-6236-7A96-BA64-B7B3A62992A1</attributeRef>
</usedAttributes>
</identifier>
</identifiers>
</Entity>