<?xml version = '1.0' encoding = 'UTF-8'?>
<Entity class="oracle.dbtools.crest.model.design.logical.Entity" directorySegmentName="seg_0" id="95E7187C-DA70-25D8-A984-57943783DB04" name="Especializacion">
<createdBy>casa</createdBy>
<createdTime>2020-03-19 21:47:19 UTC</createdTime>
<ownerDesignName>Investigadores</ownerDesignName>
<adequatelyNormalized>NO</adequatelyNormalized>
<expectedVolumes>0</expectedVolumes>
<fwdEngineeringStrategyName>Single Table</fwdEngineeringStrategyName>
<growthPercent>0</growthPercent>
<growthType>Year</growthType>
<maxVolumes>9999999</maxVolumes>
<minVolumes>0</minVolumes>
<normalForm>Third</normalForm>
<attributes itemClass="oracle.dbtools.crest.model.design.logical.Attribute">
<Attribute name="id_Especializacion" id="6348AC0A-CBB7-13C5-4B32-2F288C07873B">
<createdBy>casa</createdBy>
<createdTime>2020-03-19 21:47:31 UTC</createdTime>
<ownerDesignName>Investigadores</ownerDesignName>
<useDomainConstraints>false</useDomainConstraints>
<use>1</use>
<logicalDatatype>LOGDT011</logicalDatatype>
<ownDataTypeParameters>,,</ownDataTypeParameters>
</Attribute>
<Attribute name="Fecha_inicio" id="8E11029E-47A9-C071-531B-0B543FB4A0A8">
<createdBy>casa</createdBy>
<createdTime>2020-03-19 21:47:45 UTC</createdTime>
<ownerDesignName>Investigadores</ownerDesignName>
<nullsAllowed>true</nullsAllowed>
<useDomainConstraints>false</useDomainConstraints>
<use>1</use>
<logicalDatatype>LOGDT007</logicalDatatype>
<ownDataTypeParameters>,,</ownDataTypeParameters>
</Attribute>
<Attribute name="Fecha_Finalizacion" id="3F10DC0D-8BD2-AACD-0D81-E057011A1939">
<createdBy>casa</createdBy>
<createdTime>2020-03-19 21:48:01 UTC</createdTime>
<ownerDesignName>Investigadores</ownerDesignName>
<nullsAllowed>true</nullsAllowed>
<useDomainConstraints>false</useDomainConstraints>
<use>1</use>
<logicalDatatype>LOGDT007</logicalDatatype>
<ownDataTypeParameters>,,</ownDataTypeParameters>
</Attribute>
<Attribute name="Numero_Semestre" id="78DFD52C-77B3-F1F2-FE77-61ED6A55CEA7">
<createdBy>casa</createdBy>
<createdTime>2020-03-19 21:48:17 UTC</createdTime>
<ownerDesignName>Investigadores</ownerDesignName>
<nullsAllowed>true</nullsAllowed>
<useDomainConstraints>false</useDomainConstraints>
<use>1</use>
<logicalDatatype>LOGDT011</logicalDatatype>
<ownDataTypeParameters>,,</ownDataTypeParameters>
</Attribute>
<Attribute name="Promedio_Academico" id="3819CFB8-41F2-A735-29F9-FB7C4086A8AB">
<createdBy>casa</createdBy>
<createdTime>2020-03-19 21:48:55 UTC</createdTime>
<ownerDesignName>Investigadores</ownerDesignName>
<nullsAllowed>true</nullsAllowed>
<useDomainConstraints>false</useDomainConstraints>
<use>1</use>
<logicalDatatype>LOGDT019</logicalDatatype>
<dataTypePrecision>4</dataTypePrecision>
<dataTypeScale>2</dataTypeScale>
<ownDataTypeParameters>,4,2</ownDataTypeParameters>
</Attribute>
<Attribute name="Nombre_Especializacion" id="59271135-E6F7-F97C-EADA-CE90ADDD4FF2">
<createdBy>casa</createdBy>
<createdTime>2020-03-19 21:49:20 UTC</createdTime>
<ownerDesignName>Investigadores</ownerDesignName>
<nullsAllowed>true</nullsAllowed>
<useDomainConstraints>false</useDomainConstraints>
<use>1</use>
<logicalDatatype>LOGDT024</logicalDatatype>
<dataTypeSize>200</dataTypeSize>
<ownDataTypeParameters>200,,</ownDataTypeParameters>
</Attribute>
</attributes>
<identifiers itemClass="oracle.dbtools.crest.model.design.logical.CandidateKey">
<identifier id="2A2D6E00-A65F-46F3-C4AB-712DDF424399" name="Especializacion PK">
<createdBy>casa</createdBy>
<createdTime>2020-03-19 21:47:43 UTC</createdTime>
<ownerDesignName>Investigadores</ownerDesignName>
<pk>true</pk>
<usedAttributes>
<attributeRef>6348AC0A-CBB7-13C5-4B32-2F288C07873B</attributeRef>
</usedAttributes>
</identifier>
</identifiers>
</Entity>