<?xml version = '1.0' encoding = 'UTF-8'?>
<Entity class="oracle.dbtools.crest.model.design.logical.Entity" directorySegmentName="seg_0" id="9A64ACF7-FEF8-09F5-A256-E6FBE2F4F9F8" name="Doctorado">
<createdBy>casa</createdBy>
<createdTime>2020-03-19 21:51:48 UTC</createdTime>
<ownerDesignName>Investigadores</ownerDesignName>
<adequatelyNormalized>NO</adequatelyNormalized>
<expectedVolumes>0</expectedVolumes>
<fwdEngineeringStrategyName>Single Table</fwdEngineeringStrategyName>
<growthPercent>0</growthPercent>
<growthType>Year</growthType>
<maxVolumes>9999999</maxVolumes>
<minVolumes>0</minVolumes>
<normalForm>Third</normalForm>
<attributes itemClass="oracle.dbtools.crest.model.design.logical.Attribute">
<Attribute name="id_Doctorado" id="87E9C28F-FAB9-AE5E-83C8-A3360D06A0A7">
<createdBy>casa</createdBy>
<createdTime>2020-03-19 21:51:48 UTC</createdTime>
<ownerDesignName>Investigadores</ownerDesignName>
<useDomainConstraints>false</useDomainConstraints>
<use>1</use>
<logicalDatatype>LOGDT011</logicalDatatype>
<ownDataTypeParameters>,,</ownDataTypeParameters>
</Attribute>
<Attribute name="Fecha_inicio" id="1FE396D2-FFD0-4FAF-3C14-48586D72CE23">
<createdBy>casa</createdBy>
<createdTime>2020-03-19 21:51:48 UTC</createdTime>
<ownerDesignName>Investigadores</ownerDesignName>
<nullsAllowed>true</nullsAllowed>
<useDomainConstraints>false</useDomainConstraints>
<use>1</use>
<logicalDatatype>LOGDT007</logicalDatatype>
<ownDataTypeParameters>,,</ownDataTypeParameters>
</Attribute>
<Attribute name="Fecha_Finalizacion" id="3DCC6205-7EC9-8F81-88D3-E24DF619B554">
<createdBy>casa</createdBy>
<createdTime>2020-03-19 21:51:48 UTC</createdTime>
<ownerDesignName>Investigadores</ownerDesignName>
<nullsAllowed>true</nullsAllowed>
<useDomainConstraints>false</useDomainConstraints>
<use>1</use>
<logicalDatatype>LOGDT007</logicalDatatype>
<ownDataTypeParameters>,,</ownDataTypeParameters>
</Attribute>
<Attribute name="Numero_Semestre" id="2641CCEF-0566-E9B9-C04A-F7CD8E06894A">
<createdBy>casa</createdBy>
<createdTime>2020-03-19 21:51:48 UTC</createdTime>
<ownerDesignName>Investigadores</ownerDesignName>
<nullsAllowed>true</nullsAllowed>
<useDomainConstraints>false</useDomainConstraints>
<use>1</use>
<logicalDatatype>LOGDT011</logicalDatatype>
<ownDataTypeParameters>,,</ownDataTypeParameters>
</Attribute>
<Attribute name="Promedio_Academico" id="597A93B5-742F-BDA0-A962-DF6029102259">
<createdBy>casa</createdBy>
<createdTime>2020-03-19 21:51:48 UTC</createdTime>
<ownerDesignName>Investigadores</ownerDesignName>
<nullsAllowed>true</nullsAllowed>
<useDomainConstraints>false</useDomainConstraints>
<use>1</use>
<logicalDatatype>LOGDT019</logicalDatatype>
<dataTypePrecision>4</dataTypePrecision>
<dataTypeScale>2</dataTypeScale>
<ownDataTypeParameters>,4,2</ownDataTypeParameters>
</Attribute>
<Attribute name="Nombre_Doctorado" id="E09C5E5C-67DA-3BC3-80BB-FBC4F4A59859">
<createdBy>casa</createdBy>
<createdTime>2020-03-19 21:51:48 UTC</createdTime>
<ownerDesignName>Investigadores</ownerDesignName>
<nullsAllowed>true</nullsAllowed>
<useDomainConstraints>false</useDomainConstraints>
<use>1</use>
<logicalDatatype>LOGDT024</logicalDatatype>
<dataTypeSize>200</dataTypeSize>
<ownDataTypeParameters>200,,</ownDataTypeParameters>
</Attribute>
<Attribute name="Titulo_Tesis" id="0C881313-1AA3-8DEC-7840-39DC3D9A972A">
<createdBy>casa</createdBy>
<createdTime>2020-03-19 21:52:13 UTC</createdTime>
<ownerDesignName>Investigadores</ownerDesignName>
<nullsAllowed>true</nullsAllowed>
<useDomainConstraints>false</useDomainConstraints>
<use>1</use>
<logicalDatatype>LOGDT024</logicalDatatype>
<dataTypeSize>500</dataTypeSize>
<ownDataTypeParameters>500,,</ownDataTypeParameters>
</Attribute>
<Attribute name="Id_Linea_Investigacion" id="61F8DEC0-35FE-891F-B3E1-8D4E3EC270F8">
<createdBy>oracle</createdBy>
<createdTime>2020-03-25 22:37:45 UTC</createdTime>
<generatorID>EE952304-197B-6225-9C5E-86AD434F0F51</generatorID>
<ownerDesignName>Investigadores</ownerDesignName>
<referedAttribute>7564272A-337E-0B91-BB1A-013B23893A6A</referedAttribute>
<useDomainConstraints>false</useDomainConstraints>
<use>1</use>
<logicalDatatype>LOGDT011</logicalDatatype>
<ownDataTypeParameters>,,</ownDataTypeParameters>
</Attribute>
</attributes>
<identifiers itemClass="oracle.dbtools.crest.model.design.logical.CandidateKey">
<identifier id="D7153B6B-5021-6D0B-35E4-1E23F87F251F" name="Especializacion PK">
<createdBy>casa</createdBy>
<createdTime>2020-03-19 21:51:48 UTC</createdTime>
<ownerDesignName>Investigadores</ownerDesignName>
<pk>true</pk>
<usedAttributes>
<attributeRef>87E9C28F-FAB9-AE5E-83C8-A3360D06A0A7</attributeRef>
</usedAttributes>
</identifier>
</identifiers>
</Entity>