<?xml version = '1.0' encoding = 'UTF-8'?>
<Entity class="oracle.dbtools.crest.model.design.logical.Entity" directorySegmentName="seg_0" id="9CF48668-C534-E5A0-CF2B-42C406ACAA89" name="Historial_Academico">
<createdBy>casa</createdBy>
<createdTime>2020-03-19 21:41:51 UTC</createdTime>
<ownerDesignName>Investigadores</ownerDesignName>
<adequatelyNormalized>NO</adequatelyNormalized>
<expectedVolumes>0</expectedVolumes>
<fwdEngineeringStrategyName>Single Table</fwdEngineeringStrategyName>
<growthPercent>0</growthPercent>
<growthType>Year</growthType>
<maxVolumes>9999999</maxVolumes>
<minVolumes>0</minVolumes>
<normalForm>Third</normalForm>
<attributes itemClass="oracle.dbtools.crest.model.design.logical.Attribute">
<Attribute name="Id_Historial_Academico" id="3878B79F-0E64-5A39-4C9D-9D6AAEB4DF23">
<createdBy>casa</createdBy>
<createdTime>2020-03-19 21:42:04 UTC</createdTime>
<ownerDesignName>Investigadores</ownerDesignName>
<useDomainConstraints>false</useDomainConstraints>
<use>1</use>
<logicalDatatype>LOGDT011</logicalDatatype>
<ownDataTypeParameters>,,</ownDataTypeParameters>
</Attribute>
<Attribute name="Id_Pregrado" id="669C898F-1965-FD4B-77E4-F147D67AC682">
<createdBy>oracle</createdBy>
<createdTime>2020-03-25 21:49:57 UTC</createdTime>
<generatorID>AC85DDE3-DF70-3F9B-44D5-96B354B522A9</generatorID>
<ownerDesignName>Investigadores</ownerDesignName>
<referedAttribute>BD446C3A-9AD4-E9A3-1E7C-028ABEF19E59</referedAttribute>
<useDomainConstraints>false</useDomainConstraints>
<use>1</use>
<logicalDatatype>LOGDT011</logicalDatatype>
<ownDataTypeParameters>,,</ownDataTypeParameters>
</Attribute>
</attributes>
<identifiers itemClass="oracle.dbtools.crest.model.design.logical.CandidateKey">
<identifier id="A5551841-01E1-1C9A-3795-9B5B90E73CAF" name="Historial_Academico PK">
<createdBy>casa</createdBy>
<createdTime>2020-03-19 21:42:24 UTC</createdTime>
<ownerDesignName>Investigadores</ownerDesignName>
<pk>true</pk>
<usedAttributes>
<attributeRef>3878B79F-0E64-5A39-4C9D-9D6AAEB4DF23</attributeRef>
</usedAttributes>
</identifier>
</identifiers>
</Entity>