<?xml version = '1.0' encoding = 'UTF-8'?>
<Entity class="oracle.dbtools.crest.model.design.logical.Entity" directorySegmentName="seg_0" id="9D6F0269-1647-894A-075D-26E98B4524B7" name="Jurado">
<createdBy>casa</createdBy>
<createdTime>2020-03-19 22:01:41 UTC</createdTime>
<ownerDesignName>Investigadores</ownerDesignName>
<adequatelyNormalized>NO</adequatelyNormalized>
<expectedVolumes>0</expectedVolumes>
<fwdEngineeringStrategyName>Single Table</fwdEngineeringStrategyName>
<growthPercent>0</growthPercent>
<growthType>Year</growthType>
<maxVolumes>9999999</maxVolumes>
<minVolumes>0</minVolumes>
<normalForm>Third</normalForm>
<attributes itemClass="oracle.dbtools.crest.model.design.logical.Attribute">
<Attribute name="Id_Jurado" id="B5E74042-BB82-D12B-0C9A-343D37D339FC">
<createdBy>casa</createdBy>
<createdTime>2020-03-19 22:01:46 UTC</createdTime>
<ownerDesignName>Investigadores</ownerDesignName>
<useDomainConstraints>false</useDomainConstraints>
<use>1</use>
<logicalDatatype>LOGDT011</logicalDatatype>
<ownDataTypeParameters>,,</ownDataTypeParameters>
</Attribute>
<Attribute name="Nombre_Jurado" id="78065C78-20EE-C82C-BC3E-BC0B188CB893">
<createdBy>casa</createdBy>
<createdTime>2020-03-19 22:01:59 UTC</createdTime>
<ownerDesignName>Investigadores</ownerDesignName>
<nullsAllowed>true</nullsAllowed>
<useDomainConstraints>false</useDomainConstraints>
<use>1</use>
<logicalDatatype>LOGDT024</logicalDatatype>
<dataTypeSize>200</dataTypeSize>
<ownDataTypeParameters>200,,</ownDataTypeParameters>
</Attribute>
<Attribute name="Jurado_Email" id="BBD67E57-78E0-B665-8BB8-708CBBBC4102">
<createdBy>casa</createdBy>
<createdTime>2020-03-19 22:02:15 UTC</createdTime>
<ownerDesignName>Investigadores</ownerDesignName>
<nullsAllowed>true</nullsAllowed>
<useDomainConstraints>false</useDomainConstraints>
<use>1</use>
<logicalDatatype>LOGDT024</logicalDatatype>
<dataTypeSize>100</dataTypeSize>
<ownDataTypeParameters>100,,</ownDataTypeParameters>
</Attribute>
</attributes>
<identifiers itemClass="oracle.dbtools.crest.model.design.logical.CandidateKey">
<identifier id="7DF3CFB2-0814-1ABE-C40C-6074A6A5013F" name="Jurado PK">
<createdBy>casa</createdBy>
<createdTime>2020-03-19 22:01:58 UTC</createdTime>
<ownerDesignName>Investigadores</ownerDesignName>
<pk>true</pk>
<usedAttributes>
<attributeRef>B5E74042-BB82-D12B-0C9A-343D37D339FC</attributeRef>
</usedAttributes>
</identifier>
</identifiers>
</Entity>