<?xml version = '1.0' encoding = 'UTF-8'?>
<Entity class="oracle.dbtools.crest.model.design.logical.Entity" directorySegmentName="seg_0" id="A4DD0204-6139-2EC1-AEAE-E042A8A30506" name="Institucion_Especializacion">
<createdBy>casa</createdBy>
<createdTime>2020-03-19 21:59:01 UTC</createdTime>
<ownerDesignName>Investigadores</ownerDesignName>
<adequatelyNormalized>NO</adequatelyNormalized>
<expectedVolumes>0</expectedVolumes>
<fwdEngineeringStrategyName>Single Table</fwdEngineeringStrategyName>
<growthPercent>0</growthPercent>
<growthType>Year</growthType>
<maxVolumes>9999999</maxVolumes>
<minVolumes>0</minVolumes>
<normalForm>Third</normalForm>
<attributes itemClass="oracle.dbtools.crest.model.design.logical.Attribute">
<Attribute name="Id_Institucion_Especializacion" id="B64A60F4-BC5F-5D66-4939-7916D1220558">
<createdBy>casa</createdBy>
<createdTime>2020-03-19 21:59:01 UTC</createdTime>
<ownerDesignName>Investigadores</ownerDesignName>
<useDomainConstraints>false</useDomainConstraints>
<use>1</use>
<logicalDatatype>LOGDT011</logicalDatatype>
<ownDataTypeParameters>,,</ownDataTypeParameters>
</Attribute>
<Attribute name="id_Especializacion" id="753B69C4-882D-F8DA-9A6D-4CCFDA8FD34A">
<createdBy>oracle</createdBy>
<createdTime>2020-03-25 23:25:56 UTC</createdTime>
<generatorID>382751F0-4EFE-6707-A8CA-531EF4C0100A</generatorID>
<ownerDesignName>Investigadores</ownerDesignName>
<referedAttribute>6348AC0A-CBB7-13C5-4B32-2F288C07873B</referedAttribute>
<useDomainConstraints>false</useDomainConstraints>
<use>1</use>
<logicalDatatype>LOGDT011</logicalDatatype>
<ownDataTypeParameters>,,</ownDataTypeParameters>
</Attribute>
</attributes>
<identifiers itemClass="oracle.dbtools.crest.model.design.logical.CandidateKey">
<identifier id="E86CCDC8-68CE-2C10-E6FE-345135981C6F" name="Institucion_Pregrado PK">
<createdBy>casa</createdBy>
<createdTime>2020-03-19 21:59:01 UTC</createdTime>
<ownerDesignName>Investigadores</ownerDesignName>
<pk>true</pk>
<usedAttributes>
<attributeRef>B64A60F4-BC5F-5D66-4939-7916D1220558</attributeRef>
</usedAttributes>
</identifier>
</identifiers>
</Entity>