<?xml version = '1.0' encoding = 'UTF-8'?>
<Entity class="oracle.dbtools.crest.model.design.logical.Entity" directorySegmentName="seg_0" id="B010327E-2821-4D38-9C51-5F584BD67CF3" name="Institucion">
<createdBy>casa</createdBy>
<createdTime>2020-03-19 21:53:53 UTC</createdTime>
<ownerDesignName>Investigadores</ownerDesignName>
<adequatelyNormalized>NO</adequatelyNormalized>
<expectedVolumes>0</expectedVolumes>
<fwdEngineeringStrategyName>Single Table</fwdEngineeringStrategyName>
<growthPercent>0</growthPercent>
<growthType>Year</growthType>
<maxVolumes>9999999</maxVolumes>
<minVolumes>0</minVolumes>
<normalForm>Third</normalForm>
<attributes itemClass="oracle.dbtools.crest.model.design.logical.Attribute">
<Attribute name="Id_Institucion" id="1CB78976-48B9-5342-E960-A95FDA1ED1C6">
<createdBy>casa</createdBy>
<createdTime>2020-03-19 21:54:17 UTC</createdTime>
<ownerDesignName>Investigadores</ownerDesignName>
<nullsAllowed>true</nullsAllowed>
<useDomainConstraints>false</useDomainConstraints>
<use>1</use>
<logicalDatatype>LOGDT011</logicalDatatype>
<ownDataTypeParameters>,,</ownDataTypeParameters>
</Attribute>
<Attribute name="Nombre" id="328903C1-1E69-2754-0438-1B88A9C33F7D">
<createdBy>casa</createdBy>
<createdTime>2020-03-19 21:54:28 UTC</createdTime>
<ownerDesignName>Investigadores</ownerDesignName>
<nullsAllowed>true</nullsAllowed>
<useDomainConstraints>false</useDomainConstraints>
<use>1</use>
<logicalDatatype>LOGDT024</logicalDatatype>
<dataTypeSize>500</dataTypeSize>
<ownDataTypeParameters>500,,</ownDataTypeParameters>
</Attribute>
<Attribute name="Direccion" id="7086E2BD-9167-5585-EB61-44FA5ACD57BC">
<createdBy>casa</createdBy>
<createdTime>2020-03-19 21:54:51 UTC</createdTime>
<ownerDesignName>Investigadores</ownerDesignName>
<nullsAllowed>true</nullsAllowed>
<useDomainConstraints>false</useDomainConstraints>
<use>1</use>
<logicalDatatype>LOGDT024</logicalDatatype>
<dataTypeSize>200</dataTypeSize>
<ownDataTypeParameters>200,,</ownDataTypeParameters>
</Attribute>
<Attribute name="Resolucion_Men" id="75EFF877-CF7B-942F-9AFC-5D725E84ACEF">
<createdBy>casa</createdBy>
<createdTime>2020-03-19 21:55:07 UTC</createdTime>
<ownerDesignName>Investigadores</ownerDesignName>
<nullsAllowed>true</nullsAllowed>
<useDomainConstraints>false</useDomainConstraints>
<use>1</use>
<logicalDatatype>LOGDT011</logicalDatatype>
<ownDataTypeParameters>,,</ownDataTypeParameters>
</Attribute>
<Attribute name="Id_Tipo_Institucion" id="9F86F3C7-0A95-BEE7-2FFB-5F49B37C0ABE">
<createdBy>casa</createdBy>
<createdTime>2020-03-19 23:29:30 UTC</createdTime>
<generatorID>DC1F3FE0-033C-546A-A4DB-8402CCAF7059</generatorID>
<ownerDesignName>Investigadores</ownerDesignName>
<referedAttribute>44FB99A3-A61F-69EC-54F4-9E4E0B468234</referedAttribute>
<useDomainConstraints>false</useDomainConstraints>
<use>1</use>
<logicalDatatype>LOGDT011</logicalDatatype>
<ownDataTypeParameters>,,</ownDataTypeParameters>
</Attribute>
</attributes>
</Entity>