<?xml version = '1.0' encoding = 'UTF-8'?>
<Entity class="oracle.dbtools.crest.model.design.logical.Entity" directorySegmentName="seg_0" id="C8761893-FA12-0B41-FE2A-7BDD96CB307F" name="Programa_Academico">
<createdBy>casa</createdBy>
<createdTime>2020-03-19 22:10:46 UTC</createdTime>
<ownerDesignName>Investigadores</ownerDesignName>
<adequatelyNormalized>NO</adequatelyNormalized>
<expectedVolumes>0</expectedVolumes>
<fwdEngineeringStrategyName>Single Table</fwdEngineeringStrategyName>
<growthPercent>0</growthPercent>
<growthType>Year</growthType>
<maxVolumes>9999999</maxVolumes>
<minVolumes>0</minVolumes>
<normalForm>Third</normalForm>
<attributes itemClass="oracle.dbtools.crest.model.design.logical.Attribute">
<Attribute name="Id_Programa_Academico" id="4FAA2FB6-DAC6-D054-E947-A5787F3A0F39">
<createdBy>casa</createdBy>
<createdTime>2020-03-19 22:10:56 UTC</createdTime>
<ownerDesignName>Investigadores</ownerDesignName>
<useDomainConstraints>false</useDomainConstraints>
<use>1</use>
<logicalDatatype>LOGDT011</logicalDatatype>
<ownDataTypeParameters>,,</ownDataTypeParameters>
</Attribute>
<Attribute name="Nombre_Programa_Academico" id="8C9C264A-FE20-7DB1-3795-DC4BB476DD30">
<createdBy>casa</createdBy>
<createdTime>2020-03-19 22:11:06 UTC</createdTime>
<ownerDesignName>Investigadores</ownerDesignName>
<nullsAllowed>true</nullsAllowed>
<useDomainConstraints>false</useDomainConstraints>
<use>1</use>
<logicalDatatype>LOGDT024</logicalDatatype>
<dataTypeSize>100</dataTypeSize>
<ownDataTypeParameters>100,,</ownDataTypeParameters>
</Attribute>
</attributes>
<identifiers itemClass="oracle.dbtools.crest.model.design.logical.CandidateKey">
<identifier id="A5B2C970-5F18-DCB6-6484-EEF0CEEC338C" name="Programa_Academico PK">
<createdBy>casa</createdBy>
<createdTime>2020-03-19 22:11:05 UTC</createdTime>
<ownerDesignName>Investigadores</ownerDesignName>
<pk>true</pk>
<usedAttributes>
<attributeRef>4FAA2FB6-DAC6-D054-E947-A5787F3A0F39</attributeRef>
</usedAttributes>
</identifier>
</identifiers>
</Entity>