<?xml version = '1.0' encoding = 'UTF-8'?>
<Entity class="oracle.dbtools.crest.model.design.logical.Entity" directorySegmentName="seg_0" id="D1DEDF5F-5F37-77CC-E3C6-C7467A44DDAA" name="Libros_Publicados">
<createdBy>casa</createdBy>
<createdTime>2020-03-19 22:33:32 UTC</createdTime>
<ownerDesignName>Investigadores</ownerDesignName>
<adequatelyNormalized>NO</adequatelyNormalized>
<expectedVolumes>0</expectedVolumes>
<fwdEngineeringStrategyName>Single Table</fwdEngineeringStrategyName>
<growthPercent>0</growthPercent>
<growthType>Year</growthType>
<maxVolumes>9999999</maxVolumes>
<minVolumes>0</minVolumes>
<normalForm>Third</normalForm>
<attributes itemClass="oracle.dbtools.crest.model.design.logical.Attribute">
<Attribute name="Libros_Publicados" id="31013D19-86E5-8123-C29D-07B0215FE7BF">
<createdBy>casa</createdBy>
<createdTime>2020-03-19 22:33:52 UTC</createdTime>
<ownerDesignName>Investigadores</ownerDesignName>
<useDomainConstraints>false</useDomainConstraints>
<use>1</use>
<logicalDatatype>LOGDT011</logicalDatatype>
<ownDataTypeParameters>,,</ownDataTypeParameters>
</Attribute>
<Attribute name="Nombre" id="B85E7523-6B1F-E603-85BA-17020BF98ED5">
<createdBy>casa</createdBy>
<createdTime>2020-03-19 22:34:00 UTC</createdTime>
<ownerDesignName>Investigadores</ownerDesignName>
<nullsAllowed>true</nullsAllowed>
<useDomainConstraints>false</useDomainConstraints>
<use>1</use>
<logicalDatatype>LOGDT024</logicalDatatype>
<dataTypeSize>500</dataTypeSize>
<ownDataTypeParameters>500,,</ownDataTypeParameters>
</Attribute>
<Attribute name="ISBN" id="0249E79F-0BD8-4C77-435D-54C6715C67BA">
<createdBy>casa</createdBy>
<createdTime>2020-03-19 22:34:19 UTC</createdTime>
<ownerDesignName>Investigadores</ownerDesignName>
<nullsAllowed>true</nullsAllowed>
<useDomainConstraints>false</useDomainConstraints>
<use>1</use>
<logicalDatatype>LOGDT024</logicalDatatype>
<dataTypeSize>100</dataTypeSize>
<ownDataTypeParameters>100,,</ownDataTypeParameters>
</Attribute>
<Attribute name="Fecha" id="19D69C1C-7B44-E6B5-2CAC-AA4B4399DFE1">
<createdBy>casa</createdBy>
<createdTime>2020-03-19 22:34:28 UTC</createdTime>
<ownerDesignName>Investigadores</ownerDesignName>
<nullsAllowed>true</nullsAllowed>
<useDomainConstraints>false</useDomainConstraints>
<use>1</use>
<logicalDatatype>LOGDT007</logicalDatatype>
<ownDataTypeParameters>,,</ownDataTypeParameters>
</Attribute>
<Attribute name="Numero_Paginas" id="1793E8FE-408D-D7E1-6483-A7B9C18BF7E0">
<createdBy>casa</createdBy>
<createdTime>2020-03-19 22:34:38 UTC</createdTime>
<ownerDesignName>Investigadores</ownerDesignName>
<nullsAllowed>true</nullsAllowed>
<useDomainConstraints>false</useDomainConstraints>
<use>1</use>
<logicalDatatype>LOGDT011</logicalDatatype>
<ownDataTypeParameters>,,</ownDataTypeParameters>
</Attribute>
<Attribute name="Anio_Publicacion" id="F1D72E48-869F-2BA9-9296-43238D61923A">
<createdBy>casa</createdBy>
<createdTime>2020-03-19 22:36:47 UTC</createdTime>
<ownerDesignName>Investigadores</ownerDesignName>
<nullsAllowed>true</nullsAllowed>
<useDomainConstraints>false</useDomainConstraints>
<use>1</use>
<logicalDatatype>LOGDT011</logicalDatatype>
<ownDataTypeParameters>,,</ownDataTypeParameters>
</Attribute>
</attributes>
<identifiers itemClass="oracle.dbtools.crest.model.design.logical.CandidateKey">
<identifier id="A0832CA7-FC15-38B4-484B-1D8C7C93F81E" name="Libros_Publicados PK">
<createdBy>casa</createdBy>
<createdTime>2020-03-19 22:33:58 UTC</createdTime>
<ownerDesignName>Investigadores</ownerDesignName>
<pk>true</pk>
<usedAttributes>
<attributeRef>31013D19-86E5-8123-C29D-07B0215FE7BF</attributeRef>
</usedAttributes>
</identifier>
</identifiers>
</Entity>