<?xml version = '1.0' encoding = 'UTF-8'?>
<Entity class="oracle.dbtools.crest.model.design.logical.Entity" directorySegmentName="seg_0" id="D9DE4328-9CFE-43A9-FA92-EC509F0EF845" name="Historial_Maestria">
<createdBy>oracle</createdBy>
<createdTime>2020-03-25 21:58:24 UTC</createdTime>
<ownerDesignName>Investigadores</ownerDesignName>
<adequatelyNormalized>NO</adequatelyNormalized>
<expectedVolumes>0</expectedVolumes>
<fwdEngineeringStrategyName>Single Table</fwdEngineeringStrategyName>
<growthPercent>0</growthPercent>
<growthType>Year</growthType>
<maxVolumes>9999999</maxVolumes>
<minVolumes>0</minVolumes>
<normalForm>Third</normalForm>
<attributes itemClass="oracle.dbtools.crest.model.design.logical.Attribute">
<Attribute name="Id_Historial_Maestria" id="9913A329-FA25-D7D2-2FFD-5B2C173DBE91">
<createdBy>oracle</createdBy>
<createdTime>2020-03-25 21:58:54 UTC</createdTime>
<ownerDesignName>Investigadores</ownerDesignName>
<useDomainConstraints>false</useDomainConstraints>
<use>1</use>
<logicalDatatype>LOGDT011</logicalDatatype>
<ownDataTypeParameters>,,</ownDataTypeParameters>
</Attribute>
<Attribute name="Id_Historial_Academico" id="321E19F2-7422-FD89-3D76-6EB8859719F1">
<createdBy>oracle</createdBy>
<createdTime>2020-03-25 22:02:43 UTC</createdTime>
<generatorID>AB91B9CC-5BBC-90CA-C5C4-5833E24D34AB</generatorID>
<ownerDesignName>Investigadores</ownerDesignName>
<referedAttribute>3878B79F-0E64-5A39-4C9D-9D6AAEB4DF23</referedAttribute>
<useDomainConstraints>false</useDomainConstraints>
<use>1</use>
<logicalDatatype>LOGDT011</logicalDatatype>
<ownDataTypeParameters>,,</ownDataTypeParameters>
</Attribute>
<Attribute name="id_Maestria" id="FAE94542-4AA0-6368-0CAD-9EFE12CBA0C4">
<createdBy>oracle</createdBy>
<createdTime>2020-03-25 22:03:21 UTC</createdTime>
<generatorID>254B7259-1D89-B300-43A7-546D8BB23B4A</generatorID>
<ownerDesignName>Investigadores</ownerDesignName>
<referedAttribute>2BB57C5A-4298-DD60-B6FA-967C5B76B70C</referedAttribute>
<useDomainConstraints>false</useDomainConstraints>
<use>1</use>
<logicalDatatype>LOGDT011</logicalDatatype>
<ownDataTypeParameters>,,</ownDataTypeParameters>
</Attribute>
</attributes>
<identifiers itemClass="oracle.dbtools.crest.model.design.logical.CandidateKey">
<identifier id="B945F0A6-BB5D-613C-14AE-28DF3DB6C488" name="Historial_Maestria PK">
<createdBy>oracle</createdBy>
<createdTime>2020-03-25 21:59:15 UTC</createdTime>
<ownerDesignName>Investigadores</ownerDesignName>
<pk>true</pk>
<usedAttributes>
<attributeRef>9913A329-FA25-D7D2-2FFD-5B2C173DBE91</attributeRef>
</usedAttributes>
</identifier>
</identifiers>
</Entity>