<?xml version = '1.0' encoding = 'UTF-8'?>
<Entity class="oracle.dbtools.crest.model.design.logical.Entity" directorySegmentName="seg_0" id="DF20ED29-76A9-4407-C79B-03FD0F020282" name="Genero">
<createdBy>casa</createdBy>
<createdTime>2020-03-19 21:28:01 UTC</createdTime>
<ownerDesignName>Investigadores</ownerDesignName>
<adequatelyNormalized>NO</adequatelyNormalized>
<expectedVolumes>0</expectedVolumes>
<fwdEngineeringStrategyName>Single Table</fwdEngineeringStrategyName>
<growthPercent>0</growthPercent>
<growthType>Year</growthType>
<maxVolumes>9999999</maxVolumes>
<minVolumes>0</minVolumes>
<normalForm>Third</normalForm>
<attributes itemClass="oracle.dbtools.crest.model.design.logical.Attribute">
<Attribute name="Id_Genero" id="64D21139-B4F7-43A2-184C-9DE1FFF75C3E">
<createdBy>casa</createdBy>
<createdTime>2020-03-19 21:28:16 UTC</createdTime>
<ownerDesignName>Investigadores</ownerDesignName>
<useDomainConstraints>false</useDomainConstraints>
<use>1</use>
<logicalDatatype>LOGDT011</logicalDatatype>
<ownDataTypeParameters>,,</ownDataTypeParameters>
</Attribute>
<Attribute name="Descripcion_Genero" id="4B28FC0B-E244-685A-16BD-C045F0A4FDA2">
<createdBy>casa</createdBy>
<createdTime>2020-03-19 21:28:45 UTC</createdTime>
<ownerDesignName>Investigadores</ownerDesignName>
<nullsAllowed>true</nullsAllowed>
<useDomainConstraints>false</useDomainConstraints>
<use>1</use>
<logicalDatatype>LOGDT024</logicalDatatype>
<dataTypeSize>25</dataTypeSize>
<ownDataTypeParameters>25,,</ownDataTypeParameters>
</Attribute>
</attributes>
<identifiers itemClass="oracle.dbtools.crest.model.design.logical.CandidateKey">
<identifier id="5E5C03E2-1565-7D28-B95E-B5E280085A66" name="Genero PK">
<createdBy>casa</createdBy>
<createdTime>2020-03-19 21:28:42 UTC</createdTime>
<ownerDesignName>Investigadores</ownerDesignName>
<pk>true</pk>
<usedAttributes>
<attributeRef>64D21139-B4F7-43A2-184C-9DE1FFF75C3E</attributeRef>
</usedAttributes>
</identifier>
</identifiers>
</Entity>