<?xml version = '1.0' encoding = 'UTF-8'?>
<Entity class="oracle.dbtools.crest.model.design.logical.Entity" directorySegmentName="seg_0" id="DFD61855-CE3D-8826-03A6-A557A72DA47A" name="Libros_Autor">
<createdBy>casa</createdBy>
<createdTime>2020-03-19 22:48:36 UTC</createdTime>
<ownerDesignName>Investigadores</ownerDesignName>
<adequatelyNormalized>NO</adequatelyNormalized>
<expectedVolumes>0</expectedVolumes>
<fwdEngineeringStrategyName>Single Table</fwdEngineeringStrategyName>
<growthPercent>0</growthPercent>
<growthType>Year</growthType>
<maxVolumes>9999999</maxVolumes>
<minVolumes>0</minVolumes>
<normalForm>Third</normalForm>
<attributes itemClass="oracle.dbtools.crest.model.design.logical.Attribute">
<Attribute name="Id_Libros_Autor" id="8A8E379A-D8AA-335A-20F6-4F073C8B9851">
<createdBy>casa</createdBy>
<createdTime>2020-03-19 22:49:06 UTC</createdTime>
<ownerDesignName>Investigadores</ownerDesignName>
<useDomainConstraints>false</useDomainConstraints>
<use>1</use>
<logicalDatatype>LOGDT011</logicalDatatype>
<ownDataTypeParameters>,,</ownDataTypeParameters>
</Attribute>
<Attribute name="Libros_Publicados" id="3754FCFE-69FB-2C47-6298-F45D32E22988">
<createdBy>casa</createdBy>
<createdTime>2020-03-19 22:50:45 UTC</createdTime>
<generatorID>83C53055-CBE1-C07A-B412-81BD6CE7A9F4</generatorID>
<ownerDesignName>Investigadores</ownerDesignName>
<referedAttribute>31013D19-86E5-8123-C29D-07B0215FE7BF</referedAttribute>
<useDomainConstraints>false</useDomainConstraints>
<use>1</use>
<logicalDatatype>LOGDT011</logicalDatatype>
<ownDataTypeParameters>,,</ownDataTypeParameters>
</Attribute>
<Attribute name="Id_Autor1" id="1A0C28D2-AF59-EA85-A9E3-669DBD825909">
<createdBy>casa</createdBy>
<createdTime>2020-03-19 22:50:48 UTC</createdTime>
<generatorID>D13DDA0F-71D8-4308-1027-A16790A1B5C1</generatorID>
<ownerDesignName>Investigadores</ownerDesignName>
<referedAttribute>E728160A-FD50-F438-2E14-638A56383EDB</referedAttribute>
<useDomainConstraints>false</useDomainConstraints>
<use>1</use>
<logicalDatatype>LOGDT011</logicalDatatype>
<ownDataTypeParameters>,,</ownDataTypeParameters>
</Attribute>
</attributes>
<identifiers itemClass="oracle.dbtools.crest.model.design.logical.CandidateKey">
<identifier id="2A589D39-4132-8D86-504D-D132C6FDFD1F" name="Libros_Autor PK">
<createdBy>casa</createdBy>
<createdTime>2020-03-19 22:49:19 UTC</createdTime>
<ownerDesignName>Investigadores</ownerDesignName>
<pk>true</pk>
<usedAttributes>
<attributeRef>8A8E379A-D8AA-335A-20F6-4F073C8B9851</attributeRef>
</usedAttributes>
</identifier>
</identifiers>
</Entity>