<?xml version = '1.0' encoding = 'UTF-8'?>
<Entity class="oracle.dbtools.crest.model.design.logical.Entity" directorySegmentName="seg_0" id="E3DF92E5-215C-F36F-DCC7-BD21B834043C" name="Laboral_Institucion">
<createdBy>casa</createdBy>
<createdTime>2020-03-19 22:19:56 UTC</createdTime>
<ownerDesignName>Investigadores</ownerDesignName>
<adequatelyNormalized>NO</adequatelyNormalized>
<expectedVolumes>0</expectedVolumes>
<fwdEngineeringStrategyName>Single Table</fwdEngineeringStrategyName>
<growthPercent>0</growthPercent>
<growthType>Year</growthType>
<maxVolumes>9999999</maxVolumes>
<minVolumes>0</minVolumes>
<normalForm>Third</normalForm>
<attributes itemClass="oracle.dbtools.crest.model.design.logical.Attribute">
<Attribute name="Id_Laboral_Institucion" id="747D0EF3-3CC6-B3D0-9155-0C9DEE3E5341">
<createdBy>casa</createdBy>
<createdTime>2020-03-19 22:19:56 UTC</createdTime>
<ownerDesignName>Investigadores</ownerDesignName>
<useDomainConstraints>false</useDomainConstraints>
<use>1</use>
<logicalDatatype>LOGDT011</logicalDatatype>
<ownDataTypeParameters>,,</ownDataTypeParameters>
</Attribute>
<Attribute name="Id_Historial_Laboral_Profesional" id="8B87197F-3A46-C211-23EF-24A121A8566E">
<createdBy>oracle</createdBy>
<createdTime>2020-03-25 22:49:31 UTC</createdTime>
<generatorID>3BB506A5-BF62-4762-1009-7B49B49B082A</generatorID>
<ownerDesignName>Investigadores</ownerDesignName>
<referedAttribute>A8769529-8F2C-A133-742F-2BFB3478C0E6</referedAttribute>
<useDomainConstraints>false</useDomainConstraints>
<use>1</use>
<logicalDatatype>LOGDT011</logicalDatatype>
<ownDataTypeParameters>,,</ownDataTypeParameters>
</Attribute>
</attributes>
<identifiers itemClass="oracle.dbtools.crest.model.design.logical.CandidateKey">
<identifier id="3CAE7A61-6C61-E223-03CD-6DD21B9C1DF0" name="Docente_Institucion PK">
<createdBy>casa</createdBy>
<createdTime>2020-03-19 22:19:56 UTC</createdTime>
<ownerDesignName>Investigadores</ownerDesignName>
<pk>true</pk>
<usedAttributes>
<attributeRef>747D0EF3-3CC6-B3D0-9155-0C9DEE3E5341</attributeRef>
</usedAttributes>
</identifier>
</identifiers>
</Entity>