<?xml version = '1.0' encoding = 'UTF-8'?>
<Entity class="oracle.dbtools.crest.model.design.logical.Entity" directorySegmentName="seg_0" id="E6CBCF88-0B6D-1BC3-5DDF-4EA82F1EE4C4" name="Area_Conocimiento">
<createdBy>casa</createdBy>
<createdTime>2020-03-19 23:30:35 UTC</createdTime>
<ownerDesignName>Investigadores</ownerDesignName>
<adequatelyNormalized>NO</adequatelyNormalized>
<expectedVolumes>0</expectedVolumes>
<fwdEngineeringStrategyName>Single Table</fwdEngineeringStrategyName>
<growthPercent>0</growthPercent>
<growthType>Year</growthType>
<maxVolumes>9999999</maxVolumes>
<minVolumes>0</minVolumes>
<normalForm>Third</normalForm>
<attributes itemClass="oracle.dbtools.crest.model.design.logical.Attribute">
<Attribute name="Id_Area_Conocimiento" id="9878AD1A-309B-C002-A50A-233879CEE5A6">
<createdBy>casa</createdBy>
<createdTime>2020-03-19 23:32:58 UTC</createdTime>
<ownerDesignName>Investigadores</ownerDesignName>
<useDomainConstraints>false</useDomainConstraints>
<use>1</use>
<logicalDatatype>LOGDT011</logicalDatatype>
<ownDataTypeParameters>,,</ownDataTypeParameters>
</Attribute>
<Attribute name="Nombre_Area_Conocimiento" id="F4D5D1BF-3BAD-2F7B-4115-79E259651FBF">
<createdBy>casa</createdBy>
<createdTime>2020-03-19 23:34:20 UTC</createdTime>
<ownerDesignName>Investigadores</ownerDesignName>
<nullsAllowed>true</nullsAllowed>
<useDomainConstraints>false</useDomainConstraints>
<use>1</use>
<logicalDatatype>LOGDT024</logicalDatatype>
<dataTypeSize>100</dataTypeSize>
<ownDataTypeParameters>100,,</ownDataTypeParameters>
</Attribute>
</attributes>
<identifiers itemClass="oracle.dbtools.crest.model.design.logical.CandidateKey">
<identifier id="DEC32814-510F-BAB8-93CA-E14AB7363ACE" name="Area_Conocimiento PK">
<createdBy>casa</createdBy>
<createdTime>2020-03-19 23:34:18 UTC</createdTime>
<ownerDesignName>Investigadores</ownerDesignName>
<pk>true</pk>
<usedAttributes>
<attributeRef>9878AD1A-309B-C002-A50A-233879CEE5A6</attributeRef>
</usedAttributes>
</identifier>
</identifiers>
</Entity>