<?xml version = '1.0' encoding = 'UTF-8'?>
<Entity class="oracle.dbtools.crest.model.design.logical.Entity" directorySegmentName="seg_0" id="EC66DC8C-1EED-A4A3-6526-FA9B25A717C8" name="Tipo_Articulo">
<createdBy>casa</createdBy>
<createdTime>2020-03-19 22:44:20 UTC</createdTime>
<ownerDesignName>Investigadores</ownerDesignName>
<adequatelyNormalized>NO</adequatelyNormalized>
<expectedVolumes>0</expectedVolumes>
<fwdEngineeringStrategyName>Single Table</fwdEngineeringStrategyName>
<growthPercent>0</growthPercent>
<growthType>Year</growthType>
<maxVolumes>9999999</maxVolumes>
<minVolumes>0</minVolumes>
<normalForm>Third</normalForm>
<attributes itemClass="oracle.dbtools.crest.model.design.logical.Attribute">
<Attribute name="Id_Tipo_Articulo" id="DB9AFF08-3E9F-3D3D-0C9A-F625DACFEAA0">
<createdBy>casa</createdBy>
<createdTime>2020-03-19 22:44:32 UTC</createdTime>
<ownerDesignName>Investigadores</ownerDesignName>
<nullsAllowed>true</nullsAllowed>
<useDomainConstraints>false</useDomainConstraints>
<use>1</use>
<logicalDatatype>LOGDT011</logicalDatatype>
<ownDataTypeParameters>,,</ownDataTypeParameters>
</Attribute>
<Attribute name="Descripcion" id="AC978128-A1F2-E254-CF2C-2A6DE7D355E2">
<createdBy>casa</createdBy>
<createdTime>2020-03-19 22:44:44 UTC</createdTime>
<ownerDesignName>Investigadores</ownerDesignName>
<nullsAllowed>true</nullsAllowed>
<useDomainConstraints>false</useDomainConstraints>
<use>1</use>
<logicalDatatype>LOGDT024</logicalDatatype>
<dataTypeSize>15</dataTypeSize>
<ownDataTypeParameters>15,,</ownDataTypeParameters>
</Attribute>
</attributes>
</Entity>