<?xml version = '1.0' encoding = 'UTF-8'?>
<Entity class="oracle.dbtools.crest.model.design.logical.Entity" directorySegmentName="seg_0" id="EDCAEABB-11EA-1625-CCD7-0DEACDADAE3B" name="Jurado_Doctorado">
<createdBy>casa</createdBy>
<createdTime>2020-03-19 22:02:36 UTC</createdTime>
<ownerDesignName>Investigadores</ownerDesignName>
<adequatelyNormalized>NO</adequatelyNormalized>
<expectedVolumes>0</expectedVolumes>
<fwdEngineeringStrategyName>Single Table</fwdEngineeringStrategyName>
<growthPercent>0</growthPercent>
<growthType>Year</growthType>
<maxVolumes>9999999</maxVolumes>
<minVolumes>0</minVolumes>
<normalForm>Third</normalForm>
<attributes itemClass="oracle.dbtools.crest.model.design.logical.Attribute">
<Attribute name="Id_Jurado_Doctorado" id="452AFC98-8FAA-3EB3-F17F-F56F5A34E733">
<createdBy>casa</createdBy>
<createdTime>2020-03-19 22:02:36 UTC</createdTime>
<ownerDesignName>Investigadores</ownerDesignName>
<useDomainConstraints>false</useDomainConstraints>
<use>1</use>
<logicalDatatype>LOGDT011</logicalDatatype>
<ownDataTypeParameters>,,</ownDataTypeParameters>
</Attribute>
<Attribute name="Id_Jurado" id="B8064B5D-FE86-74E1-EB9B-05FA89464A78">
<createdBy>oracle</createdBy>
<createdTime>2020-03-25 22:07:54 UTC</createdTime>
<generatorID>6A325B2B-039F-9D6C-6490-7EE861B5FB77</generatorID>
<ownerDesignName>Investigadores</ownerDesignName>
<referedAttribute>B5E74042-BB82-D12B-0C9A-343D37D339FC</referedAttribute>
<useDomainConstraints>false</useDomainConstraints>
<use>1</use>
<logicalDatatype>LOGDT011</logicalDatatype>
<ownDataTypeParameters>,,</ownDataTypeParameters>
</Attribute>
<Attribute name="id_Doctorado" id="80B4B937-91AA-EC98-5DA7-85D9498524E4">
<createdBy>oracle</createdBy>
<createdTime>2020-03-25 22:08:22 UTC</createdTime>
<generatorID>23632E22-D399-9471-8415-596536505323</generatorID>
<ownerDesignName>Investigadores</ownerDesignName>
<referedAttribute>87E9C28F-FAB9-AE5E-83C8-A3360D06A0A7</referedAttribute>
<useDomainConstraints>false</useDomainConstraints>
<use>1</use>
<logicalDatatype>LOGDT011</logicalDatatype>
<ownDataTypeParameters>,,</ownDataTypeParameters>
</Attribute>
</attributes>
<identifiers itemClass="oracle.dbtools.crest.model.design.logical.CandidateKey">
<identifier id="2667950F-EA98-0E2A-8F29-47DA00DAA3C8" name="Institucion_Pregrado PK">
<createdBy>casa</createdBy>
<createdTime>2020-03-19 22:02:36 UTC</createdTime>
<ownerDesignName>Investigadores</ownerDesignName>
<pk>true</pk>
<usedAttributes>
<attributeRef>452AFC98-8FAA-3EB3-F17F-F56F5A34E733</attributeRef>
</usedAttributes>
</identifier>
</identifiers>
</Entity>