<?xml version = '1.0' encoding = 'UTF-8'?>
<Diagram class="oracle.dbtools.crest.swingui.logical.DPVLogical" name="Logical" id="805D843F-246B-998F-142E-09B24E53A773">
<createdBy>casa</createdBy>
<modifiedBy>casa</modifiedBy>
<createdTime>2020-03-19 21:00:12 UTC</createdTime>
<autoRoute>false</autoRoute>
<boxInbox>true</boxInbox>
<showLegend>false</showLegend>
<showLabels>false</showLabels>
<showRelAttributes>false</showRelAttributes>
<gridEnabled>false</gridEnabled>
<showGrid>false</showGrid>
<diagramColor>-1</diagramColor>
<display>false</display>
<notation>1</notation>
<objectViews>
<OView class="oracle.dbtools.crest.swingui.logical.TVEntity" oid="03B72D85-BB76-ACB4-A08C-11C2134935A5" otype="Entity" vid="E94D7985-D640-8A1D-0029-B7508113DA3B">
<hideElementsInCurrentOnly>false</hideElementsInCurrentOnly>
<bounds x="1060" y="824" width="134" height="36"/>
</OView>
<OView class="oracle.dbtools.crest.swingui.logical.TVEntity" oid="044FD16B-56E0-370E-45CC-C8FEBA2B387F" otype="Entity" vid="B59C85C4-6024-45C0-3B03-0617BF27AB77">
<hideElementsInCurrentOnly>false</hideElementsInCurrentOnly>
<bounds x="902" y="1772" width="140" height="60"/>
</OView>
<OView class="oracle.dbtools.crest.swingui.logical.TVEntity" oid="05A10254-435C-1FFA-A718-85161450D256" otype="Entity" vid="8C4CA69A-459E-4161-14B5-44DBD17CC81C">
<hideElementsInCurrentOnly>false</hideElementsInCurrentOnly>
<bounds x="512" y="1161" width="94" height="53"/>
</OView>
<OView class="oracle.dbtools.crest.swingui.logical.TVEntity" oid="05DF8E85-9CCF-1E19-7DA5-A42F70D24122" otype="Entity" vid="31559CDA-0349-F1A2-8225-249A590A6522">
<hideElementsInCurrentOnly>false</hideElementsInCurrentOnly>
<bounds x="584" y="739" width="149" height="39"/>
</OView>
<OView class="oracle.dbtools.crest.swingui.logical.TVEntity" oid="08D3628F-F38D-72FF-8E86-77EB57CEA22D" otype="Entity" vid="D9CBD713-4AA2-40DC-4BA7-E95D9704A756">
<hideElementsInCurrentOnly>false</hideElementsInCurrentOnly>
<bounds x="1148" y="1742" width="110" height="34"/>
</OView>
<OView class="oracle.dbtools.crest.swingui.logical.TVEntity" oid="10D4C3AB-6DBE-2B7F-E627-F6C86FEC7E4F" otype="Entity" vid="D78C5B90-C612-931F-58AC-D5C696F96D5E">
<hideElementsInCurrentOnly>false</hideElementsInCurrentOnly>
<bounds x="561" y="350" width="135" height="56"/>
</OView>
<OView class="oracle.dbtools.crest.swingui.logical.TVEntity" oid="11B379A9-B8F5-3DA3-B714-6A0D1195E6D2" otype="Entity" vid="E405BCA2-256C-5707-219B-D354BA1BDF9F">
<hideElementsInCurrentOnly>false</hideElementsInCurrentOnly>
<bounds x="1233" y="1905" width="127" height="41"/>
</OView>
<OView class="oracle.dbtools.crest.swingui.logical.TVEntity" oid="11D7915D-FD41-814D-58C3-11170DC51257" otype="Entity" vid="F30F210E-62D8-266E-9225-8F4EF30B4933">
<hideElementsInCurrentOnly>false</hideElementsInCurrentOnly>
<bounds x="1333" y="1382" width="170" height="34"/>
</OView>
<OView class="oracle.dbtools.crest.swingui.logical.TVEntity" oid="17BE29CB-4FCB-533F-045B-8C995678ECC2" otype="Entity" vid="4AB83823-5ED1-B693-5649-70F00D6ACBEC">
<hideElementsInCurrentOnly>false</hideElementsInCurrentOnly>
<bounds x="807" y="774" width="124" height="101"/>
</OView>
<OView class="oracle.dbtools.crest.swingui.logical.TVEntity" oid="18913470-FBC2-4B9A-A557-76C423612A6F" otype="Entity" vid="D05DDD11-AFF7-F790-C2A5-08B68AE9189D">
<hideElementsInCurrentOnly>false</hideElementsInCurrentOnly>
<bounds x="744" y="122" width="170" height="54"/>
</OView>
<OView class="oracle.dbtools.crest.swingui.logical.TVEntity" oid="18E8AF24-ED4F-B18A-A031-D20658988EB6" otype="Entity" vid="8CDFA570-8A09-A01C-6EBB-8148AFBA0762">
<hideElementsInCurrentOnly>false</hideElementsInCurrentOnly>
<bounds x="727" y="1224" width="170" height="72"/>
</OView>
<OView class="oracle.dbtools.crest.swingui.logical.TVEntity" oid="1FE040A7-1EC4-26BE-3A98-F6E68F97026C" otype="Entity" vid="732CF956-0741-6F41-5AAE-108C1EDAD395">
<hideElementsInCurrentOnly>false</hideElementsInCurrentOnly>
<bounds x="741" y="200" width="170" height="52"/>
</OView>
<OView class="oracle.dbtools.crest.swingui.logical.TVEntity" oid="2424A48A-CD88-F5DE-45DE-DDD0A4A49861" otype="Entity" vid="AAF1C522-2EC8-92B9-4DAC-0176B2CC2D10">
<hideElementsInCurrentOnly>false</hideElementsInCurrentOnly>
<bounds x="1302" y="2000" width="146" height="43"/>
</OView>
<OView class="oracle.dbtools.crest.swingui.logical.TVEntity" oid="271E1521-8E48-CEEA-93B2-BD054CB1E400" otype="Entity" vid="36486309-DC94-A0B5-1B21-52A942BF27B9">
<hideElementsInCurrentOnly>false</hideElementsInCurrentOnly>
<bounds x="1123" y="578" width="141" height="35"/>
</OView>
<OView class="oracle.dbtools.crest.swingui.logical.TVEntity" oid="27898E42-00B8-948C-3F5B-173F4F4F8FDD" otype="Entity" vid="2B64F232-B1BA-CFBA-B942-2DE4E5D21FE5">
<hideElementsInCurrentOnly>false</hideElementsInCurrentOnly>
<bounds x="580" y="1386" width="145" height="37"/>
</OView>
<OView class="oracle.dbtools.crest.swingui.logical.TVEntity" oid="28E06DC9-11F2-71B3-D19A-4D951285B0BB" otype="Entity" vid="8B30A503-B69B-9E04-7E5A-B9B163E61C81">
<hideElementsInCurrentOnly>false</hideElementsInCurrentOnly>
<bounds x="487" y="1090" width="142" height="63"/>
</OView>
<OView class="oracle.dbtools.crest.swingui.logical.TVEntity" oid="2EC2D13C-2BDB-B2FB-3B1B-D3A4E6D5DEAB" otype="Entity" vid="D4410DD0-2991-E651-D32C-B215E92E1FD6">
<hideElementsInCurrentOnly>false</hideElementsInCurrentOnly>
<bounds x="843" y="1512" width="170" height="59"/>
</OView>
<OView class="oracle.dbtools.crest.swingui.logical.TVEntity" oid="35B01CDD-9833-FFDA-0ABC-3226D58056A4" otype="Entity" vid="BC28DB2A-A497-AC15-1A7C-8272DE2D9B20">
<hideElementsInCurrentOnly>false</hideElementsInCurrentOnly>
<bounds x="594" y="889" width="131" height="36"/>
</OView>
<OView class="oracle.dbtools.crest.swingui.logical.TVEntity" oid="38579492-4CE5-D173-173C-41EF788197B3" otype="Entity" vid="FE855422-E00B-B2DC-BA3A-CAFFF481B1B4">
<hideElementsInCurrentOnly>false</hideElementsInCurrentOnly>
<bounds x="1160" y="1466" width="145" height="46"/>
</OView>
<OView class="oracle.dbtools.crest.swingui.logical.TVEntity" oid="3EBE959E-8C5B-526A-4122-546EB367EB44" otype="Entity" vid="175A63CB-AC0F-E4A6-2337-983AFDFE9A47">
<hideElementsInCurrentOnly>false</hideElementsInCurrentOnly>
<bounds x="998" y="1981" width="170" height="69"/>
</OView>
<OView class="oracle.dbtools.crest.swingui.logical.TVEntity" oid="566DB607-DC9A-8BFA-B744-35DE751FB7A1" otype="Entity" vid="31EB7DDE-0284-E674-D67C-5C6269C67E94">
<hideElementsInCurrentOnly>false</hideElementsInCurrentOnly>
<bounds x="1477" y="1538" width="90" height="98"/>
</OView>
<OView class="oracle.dbtools.crest.swingui.logical.TVEntity" oid="5F992CAF-9032-6D64-65BA-7B6839AFC46B" otype="Entity" vid="87F78465-CF6C-D2CB-C6E4-031C6A66A4BD">
<hideElementsInCurrentOnly>false</hideElementsInCurrentOnly>
<bounds x="1226" y="1557" width="148" height="34"/>
</OView>
<OView class="oracle.dbtools.crest.swingui.logical.TVEntity" oid="78801408-E4A1-1CF2-0322-A553BA277515" otype="Entity" vid="0585DB34-A99F-739F-7220-32A2F78DF6A7">
<hideElementsInCurrentOnly>false</hideElementsInCurrentOnly>
<bounds x="995" y="1896" width="170" height="58"/>
</OView>
<OView class="oracle.dbtools.crest.swingui.logical.TVEntity" oid="7BC26D4C-D6B8-3DE2-DC42-A7E0721D45C3" otype="Entity" vid="B2363610-F0DE-3035-5B91-1D8D260A65AA">
<hideElementsInCurrentOnly>false</hideElementsInCurrentOnly>
<bounds x="1070" y="944" width="136" height="36"/>
</OView>
<OView class="oracle.dbtools.crest.swingui.logical.TVEntity" oid="7E93FE77-4CA8-B0E5-3EFA-DDD56A02E07D" otype="Entity" vid="2ECD18B8-43BC-C65D-E79E-51D6D65C79A2">
<hideElementsInCurrentOnly>false</hideElementsInCurrentOnly>
<bounds x="982" y="134" width="170" height="293"/>
</OView>
<OView class="oracle.dbtools.crest.swingui.logical.TVEntity" oid="7ED4FDF3-FA46-ABE4-7CB1-437D95D2C8B4" otype="Entity" vid="74268100-4992-38F5-E588-70E4F8DE9A9B">
<hideElementsInCurrentOnly>false</hideElementsInCurrentOnly>
<bounds x="603" y="1688" width="170" height="56"/>
</OView>
<OView class="oracle.dbtools.crest.swingui.logical.TVEntity" oid="82C2C965-4B49-9748-D4E3-F06D617AE1F5" otype="Entity" vid="AB05632B-BD80-21F3-1A7B-162B2BD479B7">
<hideElementsInCurrentOnly>false</hideElementsInCurrentOnly>
<bounds x="68" y="2014" width="170" height="41"/>
</OView>
<OView class="oracle.dbtools.crest.swingui.logical.TVEntity" oid="833441C1-13E9-CF4D-9B36-E52788922EF4" otype="Entity" vid="07F2A4AE-8E90-BB34-09F7-9B42E8566778">
<hideElementsInCurrentOnly>false</hideElementsInCurrentOnly>
<bounds x="544" y="1574" width="170" height="41"/>
</OView>
<OView class="oracle.dbtools.crest.swingui.logical.TVEntity" oid="87AA6714-EF7B-79A3-E3EF-B92AE18A388B" otype="Entity" vid="75A8065B-F390-3880-49BF-62896C9B4CBA">
<hideElementsInCurrentOnly>false</hideElementsInCurrentOnly>
<bounds x="828" y="513" width="122" height="97"/>
</OView>
<OView class="oracle.dbtools.crest.swingui.logical.TVEntity" oid="88E0032B-8431-AA53-7A89-B0A7730977CF" otype="Entity" vid="49787DBE-3835-3B1E-8A98-3D7E54C3B9B0">
<hideElementsInCurrentOnly>false</hideElementsInCurrentOnly>
<bounds x="148" y="1578" width="170" height="50"/>
</OView>
<OView class="oracle.dbtools.crest.swingui.logical.TVEntity" oid="8DC1E24F-7E71-D4D6-B89C-4D4164B8B2CD" otype="Entity" vid="F8F8BE4A-D7FE-5848-17D8-2C2EB8C5190A">
<hideElementsInCurrentOnly>false</hideElementsInCurrentOnly>
<bounds x="614" y="1849" width="131" height="46"/>
</OView>
<OView class="oracle.dbtools.crest.swingui.logical.TVEntity" oid="9067E10D-A3B9-96A6-8231-5F42D4A8C804" otype="Entity" vid="015B4B89-DA1F-FB76-0B83-232BCB198442">
<hideElementsInCurrentOnly>false</hideElementsInCurrentOnly>
<bounds x="1144" y="1792" width="139" height="58"/>
</OView>
<OView class="oracle.dbtools.crest.swingui.logical.TVEntity" oid="95E7187C-DA70-25D8-A984-57943783DB04" otype="Entity" vid="9C089125-FD0E-D90A-2994-B5D11F4CACB9">
<hideElementsInCurrentOnly>false</hideElementsInCurrentOnly>
<bounds x="806" y="636" width="135" height="101"/>
</OView>
<OView class="oracle.dbtools.crest.swingui.logical.TVEntity" oid="99394366-928A-3619-2EA6-FC7F929C1892" otype="Entity" vid="BBE70162-97AB-74A1-53BA-98AF49973019">
<hideElementsInCurrentOnly>false</hideElementsInCurrentOnly>
<bounds x="588" y="1634" width="170" height="41"/>
</OView>
<OView class="oracle.dbtools.crest.swingui.logical.TVEntity" oid="99BFB33A-0853-AA7D-84B5-1BC420988F96" otype="Entity" vid="A5B985B7-EA01-CB6D-8837-F69894D5B9AD">
<hideElementsInCurrentOnly>false</hideElementsInCurrentOnly>
<bounds x="1487" y="657" width="113" height="46"/>
</OView>
<OView class="oracle.dbtools.crest.swingui.logical.TVEntity" oid="9A64ACF7-FEF8-09F5-A256-E6FBE2F4F9F8" otype="Entity" vid="B0518E0D-5CB1-32BB-84C6-054D38D8969B">
<hideElementsInCurrentOnly>false</hideElementsInCurrentOnly>
<bounds x="806" y="910" width="123" height="111"/>
</OView>
<OView class="oracle.dbtools.crest.swingui.logical.TVEntity" oid="9BD0773F-B693-8987-B839-F3E297C0132F" otype="Entity" vid="0EAC0348-638B-5343-F4C5-752814A9CAD0">
<hideElementsInCurrentOnly>false</hideElementsInCurrentOnly>
<bounds x="220" y="1963" width="170" height="41"/>
</OView>
<OView class="oracle.dbtools.crest.swingui.logical.TVEntity" oid="9CF48668-C534-E5A0-CF2B-42C406ACAA89" otype="Entity" vid="3BF8ED4F-1D4F-C2C4-3AA4-6709706105C1">
<hideElementsInCurrentOnly>false</hideElementsInCurrentOnly>
<bounds x="389" y="727" width="141" height="37"/>
</OView>
<OView class="oracle.dbtools.crest.swingui.logical.TVEntity" oid="9D6F0269-1647-894A-075D-26E98B4524B7" otype="Entity" vid="A7F3E5A7-03DC-D645-0BCD-BEDFA52FECD4">
<hideElementsInCurrentOnly>false</hideElementsInCurrentOnly>
<bounds x="415" y="952" width="106" height="56"/>
</OView>
<OView class="oracle.dbtools.crest.swingui.logical.TVEntity" oid="A4A736FF-EA65-AE12-F440-E557A851A92A" otype="Entity" vid="0E06B939-5DC0-F361-1D56-3ADCA888B21D">
<hideElementsInCurrentOnly>false</hideElementsInCurrentOnly>
<bounds x="1165" y="1157" width="140" height="36"/>
</OView>
<OView class="oracle.dbtools.crest.swingui.logical.TVEntity" oid="A4DD0204-6139-2EC1-AEAE-E042A8A30506" otype="Entity" vid="9EDEAECB-089A-0047-9A44-28DB7D7A48F3">
<hideElementsInCurrentOnly>false</hideElementsInCurrentOnly>
<bounds x="1059" y="688" width="170" height="33"/>
</OView>
<OView class="oracle.dbtools.crest.swingui.logical.TVEntity" oid="B010327E-2821-4D38-9C51-5F584BD67CF3" otype="Entity" vid="4C978D62-D8A5-D21E-4D3B-3229F3B67228">
<hideElementsInCurrentOnly>false</hideElementsInCurrentOnly>
<bounds x="1518" y="751" width="99" height="80"/>
</OView>
<OView class="oracle.dbtools.crest.swingui.logical.TVEntity" oid="B1E7FB30-41C6-E1C0-8316-0E2C4652E887" otype="Entity" vid="B65A585E-8185-F5AF-D347-7FBC4E9F9AEA">
<hideElementsInCurrentOnly>false</hideElementsInCurrentOnly>
<bounds x="840" y="1370" width="170" height="79"/>
</OView>
<OView class="oracle.dbtools.crest.swingui.logical.TVEntity" oid="BB9EE0AF-6B8C-5763-C7F1-C73C4E639CFB" otype="Entity" vid="B468B386-75E9-07D7-D62C-95F9F6EA1A09">
<hideElementsInCurrentOnly>false</hideElementsInCurrentOnly>
<bounds x="556" y="412" width="143" height="57"/>
</OView>
<OView class="oracle.dbtools.crest.swingui.logical.TVEntity" oid="C8761893-FA12-0B41-FE2A-7BDD96CB307F" otype="Entity" vid="D8017CC2-48D1-705B-B449-2CED61C2A117">
<hideElementsInCurrentOnly>false</hideElementsInCurrentOnly>
<bounds x="59" y="1103" width="170" height="54"/>
</OView>
<OView class="oracle.dbtools.crest.swingui.logical.TVEntity" oid="D0BCCD7A-517E-169A-E5BB-CE7B02160738" otype="Entity" vid="DBAD3CEE-8FFD-753E-5744-C547637A1E19">
<hideElementsInCurrentOnly>false</hideElementsInCurrentOnly>
<bounds x="544" y="1486" width="170" height="41"/>
</OView>
<OView class="oracle.dbtools.crest.swingui.logical.TVEntity" oid="D1DEDF5F-5F37-77CC-E3C6-C7467A44DDAA" otype="Entity" vid="06DE68FB-98C6-7EEF-8051-E2AB1DDAED21">
<hideElementsInCurrentOnly>false</hideElementsInCurrentOnly>
<bounds x="879" y="1622" width="119" height="101"/>
</OView>
<OView class="oracle.dbtools.crest.swingui.logical.TVEntity" oid="D2F3148C-D08D-89A1-D3C7-849510FE2076" otype="Entity" vid="C9185704-D4F1-9EBC-B567-5229887DFE29">
<hideElementsInCurrentOnly>false</hideElementsInCurrentOnly>
<bounds x="730" y="1127" width="170" height="63"/>
</OView>
<OView class="oracle.dbtools.crest.swingui.logical.TVEntity" oid="D9DE4328-9CFE-43A9-FA92-EC509F0EF845" otype="Entity" vid="2102DA61-EE71-B796-954C-7CFCAE77C10A">
<hideElementsInCurrentOnly>false</hideElementsInCurrentOnly>
<bounds x="596" y="818" width="125" height="35"/>
</OView>
<OView class="oracle.dbtools.crest.swingui.logical.TVEntity" oid="DF20ED29-76A9-4407-C79B-03FD0F020282" otype="Entity" vid="04223263-A994-E2A3-DC97-0293F2411186">
<hideElementsInCurrentOnly>false</hideElementsInCurrentOnly>
<bounds x="735" y="273" width="170" height="50"/>
</OView>
<OView class="oracle.dbtools.crest.swingui.logical.TVEntity" oid="DF89DFEF-EE9A-9C75-78FE-D1831E50C926" otype="Entity" vid="BB94ED32-E4E9-87D8-A888-BBF04E36A8D5">
<hideElementsInCurrentOnly>false</hideElementsInCurrentOnly>
<bounds x="742" y="351" width="170" height="83"/>
</OView>
<OView class="oracle.dbtools.crest.swingui.logical.TVEntity" oid="DFD61855-CE3D-8826-03A6-A557A72DA47A" otype="Entity" vid="E747AC0C-3165-B71B-70C1-1B62E0A542C4">
<hideElementsInCurrentOnly>false</hideElementsInCurrentOnly>
<bounds x="1117" y="1634" width="123" height="31"/>
</OView>
<OView class="oracle.dbtools.crest.swingui.logical.TVEntity" oid="E3DF92E5-215C-F36F-DCC7-BD21B834043C" otype="Entity" vid="0C0AA5DA-FA6B-D34E-E4D3-633AE37065A7">
<hideElementsInCurrentOnly>false</hideElementsInCurrentOnly>
<bounds x="1257" y="1245" width="123" height="37"/>
</OView>
<OView class="oracle.dbtools.crest.swingui.logical.TVEntity" oid="E6CBCF88-0B6D-1BC3-5DDF-4EA82F1EE4C4" otype="Entity" vid="5C9EB72B-A018-2AF9-61B8-1205BA25AECE">
<hideElementsInCurrentOnly>false</hideElementsInCurrentOnly>
<bounds x="80" y="1442" width="170" height="46"/>
</OView>
<OView class="oracle.dbtools.crest.swingui.logical.TVEntity" oid="EC66DC8C-1EED-A4A3-6526-FA9B25A717C8" otype="Entity" vid="58E45D40-E564-B10D-5A33-B48CA3AD2D2A">
<hideElementsInCurrentOnly>false</hideElementsInCurrentOnly>
<bounds x="672" y="1767" width="103" height="52"/>
</OView>
<OView class="oracle.dbtools.crest.swingui.logical.TVEntity" oid="EDCAEABB-11EA-1625-CCD7-0DEACDADAE3B" otype="Entity" vid="70190FF9-D788-06A8-33BE-F6D69F0A9255">
<hideElementsInCurrentOnly>false</hideElementsInCurrentOnly>
<bounds x="589" y="965" width="134" height="35"/>
</OView>
<OView class="oracle.dbtools.crest.swingui.logical.TVEntity" oid="F3A80B2C-AF16-209E-4390-1E3888724D40" otype="Entity" vid="777FA1EB-246F-2C16-94DE-EA3AAE05DBEF">
<hideElementsInCurrentOnly>false</hideElementsInCurrentOnly>
<bounds x="279" y="1114" width="139" height="38"/>
</OView>
</objectViews>
<connectors>
<Connector class="oracle.dbtools.crest.swingui.logical.TVRelation" oid="061604FA-0B5E-B931-6F50-D24C4C887014" otype="Relation" vid_source="D4410DD0-2991-E651-D32C-B215E92E1FD6" vid_target="FE855422-E00B-B2DC-BA3A-CAFFF481B1B4">
<hideElementsInCurrentOnly>false</hideElementsInCurrentOnly>
<backgroundColor>-16777216</backgroundColor>
<lineWidth>1</lineWidth>
<points>
<point x="1013" y="1512"/>
<point x="1160" y="1512"/>
</points>
</Connector>
<Connector class="oracle.dbtools.crest.swingui.logical.TVRelation" oid="0AE69382-4D84-B415-DCD3-46512352A55D" otype="Relation" vid_source="D8017CC2-48D1-705B-B449-2CED61C2A117" vid_target="31EB7DDE-0284-E674-D67C-5C6269C67E94">
<hideElementsInCurrentOnly>false</hideElementsInCurrentOnly>
<backgroundColor>-16777216</backgroundColor>
<lineWidth>1</lineWidth>
<points>
<point x="225" y="1157"/>
<point x="1477" y="1572"/>
</points>
</Connector>
<Connector class="oracle.dbtools.crest.swingui.logical.TVRelation" oid="0E916D7F-435D-7196-F3C0-367268DC498E" otype="Relation" vid_source="8B30A503-B69B-9E04-7E5A-B9B163E61C81" vid_target="C9185704-D4F1-9EBC-B567-5229887DFE29">
<hideElementsInCurrentOnly>false</hideElementsInCurrentOnly>
<backgroundColor>-16777216</backgroundColor>
<lineWidth>1</lineWidth>
<points>
<point x="629" y="1140"/>
<point x="730" y="1140"/>
</points>
</Connector>
<Connector class="oracle.dbtools.crest.swingui.logical.TVRelation" oid="15FC3CC7-48F4-D1A7-D725-8235CA37B471" otype="Relation" vid_source="5C9EB72B-A018-2AF9-61B8-1205BA25AECE" vid_target="49787DBE-3835-3B1E-8A98-3D7E54C3B9B0">
<hideElementsInCurrentOnly>false</hideElementsInCurrentOnly>
<backgroundColor>-16777216</backgroundColor>
<lineWidth>1</lineWidth>
<points>
<point x="199" y="1488"/>
<point x="199" y="1578"/>
</points>
</Connector>
<Connector class="oracle.dbtools.crest.swingui.logical.TVRelation" oid="1873203D-960C-69FF-A430-E7616793D17F" otype="Relation" vid_source="31EB7DDE-0284-E674-D67C-5C6269C67E94" vid_target="87F78465-CF6C-D2CB-C6E4-031C6A66A4BD">
<hideElementsInCurrentOnly>false</hideElementsInCurrentOnly>
<backgroundColor>-16777216</backgroundColor>
<lineWidth>1</lineWidth>
<points>
<point x="1477" y="1589"/>
<point x="1374" y="1576"/>
</points>
</Connector>
<Connector class="oracle.dbtools.crest.swingui.logical.TVRelation" oid="209FF06C-79CA-4464-507E-FA4F1B36240A" otype="Relation" vid_source="4C978D62-D8A5-D21E-4D3B-3229F3B67228" vid_target="E94D7985-D640-8A1D-0029-B7508113DA3B">
<hideElementsInCurrentOnly>false</hideElementsInCurrentOnly>
<backgroundColor>-16777216</backgroundColor>
<lineWidth>1</lineWidth>
<points>
<point x="1518" y="827"/>
<point x="1194" y="827"/>
</points>
</Connector>
<Connector class="oracle.dbtools.crest.swingui.logical.TVRelation" oid="2340D93A-9079-FACF-0C81-D4EC7DA18AD9" otype="Relation" vid_source="B0518E0D-5CB1-32BB-84C6-054D38D8969B" vid_target="BC28DB2A-A497-AC15-1A7C-8272DE2D9B20">
<hideElementsInCurrentOnly>false</hideElementsInCurrentOnly>
<backgroundColor>-16777216</backgroundColor>
<lineWidth>1</lineWidth>
<points>
<point x="806" y="917"/>
<point x="725" y="917"/>
</points>
</Connector>
<Connector class="oracle.dbtools.crest.swingui.logical.TVRelation" oid="23632E22-D399-9471-8415-596536505323" otype="Relation" vid_source="B0518E0D-5CB1-32BB-84C6-054D38D8969B" vid_target="70190FF9-D788-06A8-33BE-F6D69F0A9255">
<hideElementsInCurrentOnly>false</hideElementsInCurrentOnly>
<backgroundColor>-16777216</backgroundColor>
<lineWidth>1</lineWidth>
<points>
<point x="806" y="982"/>
<point x="723" y="982"/>
</points>
</Connector>
<Connector class="oracle.dbtools.crest.swingui.logical.TVRelation" oid="254B7259-1D89-B300-43A7-546D8BB23B4A" otype="Relation" vid_source="4AB83823-5ED1-B693-5649-70F00D6ACBEC" vid_target="2102DA61-EE71-B796-954C-7CFCAE77C10A">
<hideElementsInCurrentOnly>false</hideElementsInCurrentOnly>
<backgroundColor>-16777216</backgroundColor>
<lineWidth>1</lineWidth>
<points>
<point x="807" y="835"/>
<point x="721" y="835"/>
</points>
</Connector>
<Connector class="oracle.dbtools.crest.swingui.logical.TVRelation" oid="344A7ED0-F286-A0CB-DB03-723DBE6FA584" otype="Relation" vid_source="F8F8BE4A-D7FE-5848-17D8-2C2EB8C5190A" vid_target="B59C85C4-6024-45C0-3B03-0617BF27AB77">
<hideElementsInCurrentOnly>false</hideElementsInCurrentOnly>
<backgroundColor>-16777216</backgroundColor>
<lineWidth>1</lineWidth>
<points>
<point x="745" y="1856"/>
<point x="917" y="1832"/>
</points>
</Connector>
<Connector class="oracle.dbtools.crest.swingui.logical.TVRelation" oid="367DDFA1-EB8D-7F64-49E0-80A83C65EAE5" otype="Relation" vid_source="BB94ED32-E4E9-87D8-A888-BBF04E36A8D5" vid_target="2ECD18B8-43BC-C65D-E79E-51D6D65C79A2">
<hideElementsInCurrentOnly>false</hideElementsInCurrentOnly>
<backgroundColor>-16777216</backgroundColor>
<lineWidth>1</lineWidth>
<points>
<point x="912" y="374"/>
<point x="982" y="374"/>
</points>
</Connector>
<Connector class="oracle.dbtools.crest.swingui.logical.TVRelation" oid="36E93706-EDF5-4ED9-8DF7-A9E5717E3C84" otype="Relation" vid_source="732CF956-0741-6F41-5AAE-108C1EDAD395" vid_target="2ECD18B8-43BC-C65D-E79E-51D6D65C79A2">
<hideElementsInCurrentOnly>false</hideElementsInCurrentOnly>
<backgroundColor>-16777216</backgroundColor>
<lineWidth>1</lineWidth>
<points>
<point x="911" y="241"/>
<point x="982" y="241"/>
</points>
</Connector>
<Connector class="oracle.dbtools.crest.swingui.logical.TVRelation" oid="382751F0-4EFE-6707-A8CA-531EF4C0100A" otype="Relation" vid_source="9C089125-FD0E-D90A-2994-B5D11F4CACB9" vid_target="9EDEAECB-089A-0047-9A44-28DB7D7A48F3">
<hideElementsInCurrentOnly>false</hideElementsInCurrentOnly>
<backgroundColor>-16777216</backgroundColor>
<lineWidth>1</lineWidth>
<points>
<point x="941" y="719"/>
<point x="1059" y="719"/>
</points>
</Connector>
<Connector class="oracle.dbtools.crest.swingui.logical.TVRelation" oid="3BB506A5-BF62-4762-1009-7B49B49B082A" otype="Relation" vid_source="8CDFA570-8A09-A01C-6EBB-8148AFBA0762" vid_target="0C0AA5DA-FA6B-D34E-E4D3-633AE37065A7">
<hideElementsInCurrentOnly>false</hideElementsInCurrentOnly>
<backgroundColor>-16777216</backgroundColor>
<lineWidth>1</lineWidth>
<points>
<point x="897" y="1278"/>
<point x="1257" y="1278"/>
</points>
</Connector>
<Connector class="oracle.dbtools.crest.swingui.logical.TVRelation" oid="3F0C72B0-735E-6F09-C484-8609F6132397" otype="Relation" vid_source="0585DB34-A99F-739F-7220-32A2F78DF6A7" vid_target="0EAC0348-638B-5343-F4C5-752814A9CAD0">
<hideElementsInCurrentOnly>false</hideElementsInCurrentOnly>
<backgroundColor>-16777216</backgroundColor>
<lineWidth>1</lineWidth>
<points>
<point x="995" y="1931"/>
<point x="390" y="1977"/>
</points>
</Connector>
<Connector class="oracle.dbtools.crest.swingui.logical.TVRelation" oid="3FE26AE5-06A8-D22D-7295-C43602E0EABE" otype="Relation" vid_source="175A63CB-AC0F-E4A6-2337-983AFDFE9A47" vid_target="AB05632B-BD80-21F3-1A7B-162B2BD479B7">
<hideElementsInCurrentOnly>false</hideElementsInCurrentOnly>
<backgroundColor>-16777216</backgroundColor>
<lineWidth>1</lineWidth>
<points>
<point x="998" y="2032"/>
<point x="238" y="2032"/>
</points>
</Connector>
<Connector class="oracle.dbtools.crest.swingui.logical.TVRelation" oid="4AD4D5E9-E65C-188E-7842-9CCB5D3FD898" otype="Relation" vid_source="4C978D62-D8A5-D21E-4D3B-3229F3B67228" vid_target="9EDEAECB-089A-0047-9A44-28DB7D7A48F3">
<hideElementsInCurrentOnly>false</hideElementsInCurrentOnly>
<backgroundColor>-16777216</backgroundColor>
<lineWidth>1</lineWidth>
<points>
<point x="1518" y="780"/>
<point x="1209" y="721"/>
</points>
</Connector>
<Connector class="oracle.dbtools.crest.swingui.logical.TVRelation" oid="4B4D5FAC-F341-B658-C8D2-4D83CFFABAAD" otype="Relation" vid_source="3BF8ED4F-1D4F-C2C4-3AA4-6709706105C1" vid_target="BC28DB2A-A497-AC15-1A7C-8272DE2D9B20">
<hideElementsInCurrentOnly>false</hideElementsInCurrentOnly>
<backgroundColor>-16777216</backgroundColor>
<lineWidth>1</lineWidth>
<points>
<point x="482" y="764"/>
<point x="594" y="905"/>
</points>
</Connector>
<Connector class="oracle.dbtools.crest.swingui.logical.TVRelation" oid="4E04A4EC-E226-AB9C-B55A-729E8BB1539D" otype="Relation" vid_source="04223263-A994-E2A3-DC97-0293F2411186" vid_target="2ECD18B8-43BC-C65D-E79E-51D6D65C79A2">
<hideElementsInCurrentOnly>false</hideElementsInCurrentOnly>
<backgroundColor>-16777216</backgroundColor>
<lineWidth>1</lineWidth>
<points>
<point x="905" y="313"/>
<point x="982" y="313"/>
</points>
</Connector>
<Connector class="oracle.dbtools.crest.swingui.logical.TVRelation" oid="574BB279-899A-2AB9-7A0F-F1DF789C64C5" otype="Relation" vid_source="75A8065B-F390-3880-49BF-62896C9B4CBA" vid_target="36486309-DC94-A0B5-1B21-52A942BF27B9">
<hideElementsInCurrentOnly>false</hideElementsInCurrentOnly>
<backgroundColor>-16777216</backgroundColor>
<lineWidth>1</lineWidth>
<points>
<point x="950" y="609"/>
<point x="1123" y="609"/>
</points>
</Connector>
<Connector class="oracle.dbtools.crest.swingui.logical.TVRelation" oid="577E80C7-D5F8-3430-0370-1802D7FFC654" otype="Relation" vid_source="8B30A503-B69B-9E04-7E5A-B9B163E61C81" vid_target="777FA1EB-246F-2C16-94DE-EA3AAE05DBEF">
<hideElementsInCurrentOnly>false</hideElementsInCurrentOnly>
<backgroundColor>-16777216</backgroundColor>
<lineWidth>1</lineWidth>
<points>
<point x="487" y="1133"/>
<point x="418" y="1133"/>
</points>
</Connector>
<Connector class="oracle.dbtools.crest.swingui.logical.TVRelation" oid="5A0C8D58-2E06-09BE-E278-78C6EE506096" otype="Relation" vid_source="31EB7DDE-0284-E674-D67C-5C6269C67E94" vid_target="E405BCA2-256C-5707-219B-D354BA1BDF9F">
<hideElementsInCurrentOnly>false</hideElementsInCurrentOnly>
<backgroundColor>-16777216</backgroundColor>
<lineWidth>1</lineWidth>
<points>
<point x="1489" y="1636"/>
<point x="1310" y="1905"/>
</points>
</Connector>
<Connector class="oracle.dbtools.crest.swingui.logical.TVRelation" oid="5D815FF4-EC1D-D7D4-43B5-62CAC6BD491E" otype="Relation" vid_source="31EB7DDE-0284-E674-D67C-5C6269C67E94" vid_target="F30F210E-62D8-266E-9225-8F4EF30B4933">
<hideElementsInCurrentOnly>false</hideElementsInCurrentOnly>
<backgroundColor>-16777216</backgroundColor>
<lineWidth>1</lineWidth>
<points>
<point x="1490" y="1538"/>
<point x="1490" y="1416"/>
</points>
</Connector>
<Connector class="oracle.dbtools.crest.swingui.logical.TVRelation" oid="5E595912-1466-B438-5588-B15D2011E52C" otype="Relation" vid_source="D05DDD11-AFF7-F790-C2A5-08B68AE9189D" vid_target="2ECD18B8-43BC-C65D-E79E-51D6D65C79A2">
<hideElementsInCurrentOnly>false</hideElementsInCurrentOnly>
<backgroundColor>-16777216</backgroundColor>
<lineWidth>1</lineWidth>
<points>
<point x="914" y="170"/>
<point x="982" y="170"/>
</points>
</Connector>
<Connector class="oracle.dbtools.crest.swingui.logical.TVRelation" oid="5E60B8F9-FFCF-9280-160D-C1AF94CF4BE9" otype="Relation" vid_source="06DE68FB-98C6-7EEF-8051-E2AB1DDAED21" vid_target="BBE70162-97AB-74A1-53BA-98AF49973019">
<hideElementsInCurrentOnly>false</hideElementsInCurrentOnly>
<backgroundColor>-16777216</backgroundColor>
<lineWidth>1</lineWidth>
<points>
<point x="879" y="1654"/>
<point x="758" y="1654"/>
</points>
</Connector>
<Connector class="oracle.dbtools.crest.swingui.logical.TVRelation" oid="613AA7A3-7738-F8A5-B0F5-0DEC05E8D116" otype="Relation" vid_source="4C978D62-D8A5-D21E-4D3B-3229F3B67228" vid_target="B2363610-F0DE-3035-5B91-1D8D260A65AA">
<hideElementsInCurrentOnly>false</hideElementsInCurrentOnly>
<backgroundColor>-16777216</backgroundColor>
<lineWidth>1</lineWidth>
<points>
<point x="1518" y="810"/>
<point x="1168" y="944"/>
</points>
</Connector>
<Connector class="oracle.dbtools.crest.swingui.logical.TVRelation" oid="621DCEEE-6CE8-79C0-4B56-6477C02B14E7" otype="Relation" vid_source="D4410DD0-2991-E651-D32C-B215E92E1FD6" vid_target="07F2A4AE-8E90-BB34-09F7-9B42E8566778">
<hideElementsInCurrentOnly>false</hideElementsInCurrentOnly>
<backgroundColor>-16777216</backgroundColor>
<lineWidth>1</lineWidth>
<points>
<point x="843" y="1556"/>
<point x="714" y="1579"/>
</points>
</Connector>
<Connector class="oracle.dbtools.crest.swingui.logical.TVRelation" oid="63B31D09-DF38-4436-8682-54FB80106989" otype="Relation" vid_source="175A63CB-AC0F-E4A6-2337-983AFDFE9A47" vid_target="AAF1C522-2EC8-92B9-4DAC-0176B2CC2D10">
<hideElementsInCurrentOnly>false</hideElementsInCurrentOnly>
<backgroundColor>-16777216</backgroundColor>
<lineWidth>1</lineWidth>
<points>
<point x="1168" y="2021"/>
<point x="1302" y="2021"/>
</points>
</Connector>
<Connector class="oracle.dbtools.crest.swingui.logical.TVRelation" oid="64EC252F-9DB5-149A-1C46-2050406971F6" otype="Relation" vid_source="74268100-4992-38F5-E588-70E4F8DE9A9B" vid_target="06DE68FB-98C6-7EEF-8051-E2AB1DDAED21">
<hideElementsInCurrentOnly>false</hideElementsInCurrentOnly>
<backgroundColor>-16777216</backgroundColor>
<lineWidth>1</lineWidth>
<points>
<point x="773" y="1705"/>
<point x="879" y="1705"/>
</points>
</Connector>
<Connector class="oracle.dbtools.crest.swingui.logical.TVRelation" oid="6A325B2B-039F-9D6C-6490-7EE861B5FB77" otype="Relation" vid_source="A7F3E5A7-03DC-D645-0BCD-BEDFA52FECD4" vid_target="70190FF9-D788-06A8-33BE-F6D69F0A9255">
<hideElementsInCurrentOnly>false</hideElementsInCurrentOnly>
<backgroundColor>-16777216</backgroundColor>
<lineWidth>1</lineWidth>
<points>
<point x="521" y="986"/>
<point x="589" y="985"/>
</points>
</Connector>
<Connector class="oracle.dbtools.crest.swingui.logical.TVRelation" oid="6D3D4EE5-3776-6CA3-D664-851BC201038D" otype="Relation" vid_source="B59C85C4-6024-45C0-3B03-0617BF27AB77" vid_target="D9CBD713-4AA2-40DC-4BA7-E95D9704A756">
<hideElementsInCurrentOnly>false</hideElementsInCurrentOnly>
<backgroundColor>-16777216</backgroundColor>
<lineWidth>1</lineWidth>
<points>
<point x="1042" y="1774"/>
<point x="1148" y="1774"/>
</points>
</Connector>
<Connector class="oracle.dbtools.crest.swingui.logical.TVRelation" oid="6F0B5EA0-A852-9406-06F7-5C66B6908975" otype="Relation" vid_source="C9185704-D4F1-9EBC-B567-5229887DFE29" vid_target="0E06B939-5DC0-F361-1D56-3ADCA888B21D">
<hideElementsInCurrentOnly>false</hideElementsInCurrentOnly>
<backgroundColor>-16777216</backgroundColor>
<lineWidth>1</lineWidth>
<points>
<point x="900" y="1188"/>
<point x="1165" y="1188"/>
</points>
</Connector>
<Connector class="oracle.dbtools.crest.swingui.logical.TVRelation" oid="6FC66528-107D-BE2B-C488-F4998D876505" otype="Relation" vid_source="D8017CC2-48D1-705B-B449-2CED61C2A117" vid_target="777FA1EB-246F-2C16-94DE-EA3AAE05DBEF">
<hideElementsInCurrentOnly>false</hideElementsInCurrentOnly>
<backgroundColor>-16777216</backgroundColor>
<lineWidth>1</lineWidth>
<points>
<point x="229" y="1130"/>
<point x="279" y="1132"/>
</points>
</Connector>
<Connector class="oracle.dbtools.crest.swingui.logical.TVRelation" oid="75429474-D69D-0141-FF29-21008F1E4346" otype="Relation" vid_source="3BF8ED4F-1D4F-C2C4-3AA4-6709706105C1" vid_target="31559CDA-0349-F1A2-8225-249A590A6522">
<hideElementsInCurrentOnly>false</hideElementsInCurrentOnly>
<backgroundColor>-16777216</backgroundColor>
<lineWidth>1</lineWidth>
<points>
<point x="530" y="751"/>
<point x="584" y="751"/>
</points>
</Connector>
<Connector class="oracle.dbtools.crest.swingui.logical.TVRelation" oid="80FFE038-3D85-F707-FACC-8BCAA29B23F4" otype="Relation" vid_source="4C978D62-D8A5-D21E-4D3B-3229F3B67228" vid_target="0C0AA5DA-FA6B-D34E-E4D3-633AE37065A7">
<hideElementsInCurrentOnly>false</hideElementsInCurrentOnly>
<backgroundColor>-16777216</backgroundColor>
<lineWidth>1</lineWidth>
<points>
<point x="1546" y="831"/>
<point x="1313" y="1245"/>
</points>
</Connector>
<Connector class="oracle.dbtools.crest.swingui.logical.TVRelation" oid="837B1BBD-78A4-B690-E6A9-3BD504B73E5A" otype="Relation" vid_source="0585DB34-A99F-739F-7220-32A2F78DF6A7" vid_target="E405BCA2-256C-5707-219B-D354BA1BDF9F">
<hideElementsInCurrentOnly>false</hideElementsInCurrentOnly>
<backgroundColor>-16777216</backgroundColor>
<lineWidth>1</lineWidth>
<points>
<point x="1165" y="1925"/>
<point x="1233" y="1925"/>
</points>
</Connector>
<Connector class="oracle.dbtools.crest.swingui.logical.TVRelation" oid="83C53055-CBE1-C07A-B412-81BD6CE7A9F4" otype="Relation" vid_source="06DE68FB-98C6-7EEF-8051-E2AB1DDAED21" vid_target="E747AC0C-3165-B71B-70C1-1B62E0A542C4">
<hideElementsInCurrentOnly>false</hideElementsInCurrentOnly>
<backgroundColor>-16777216</backgroundColor>
<lineWidth>1</lineWidth>
<points>
<point x="998" y="1649"/>
<point x="1117" y="1649"/>
</points>
</Connector>
<Connector class="oracle.dbtools.crest.swingui.logical.TVRelation" oid="85730C65-EA4C-B09C-9814-9CABCF186E8F" otype="Relation" vid_source="B65A585E-8185-F5AF-D347-7FBC4E9F9AEA" vid_target="F30F210E-62D8-266E-9225-8F4EF30B4933">
<hideElementsInCurrentOnly>false</hideElementsInCurrentOnly>
<backgroundColor>-16777216</backgroundColor>
<lineWidth>1</lineWidth>
<points>
<point x="1010" y="1399"/>
<point x="1333" y="1399"/>
</points>
</Connector>
<Connector class="oracle.dbtools.crest.swingui.logical.TVRelation" oid="9A73F752-9A4A-85C4-49B3-39B60C2BA25F" otype="Relation" vid_source="9C089125-FD0E-D90A-2994-B5D11F4CACB9" vid_target="31559CDA-0349-F1A2-8225-249A590A6522">
<hideElementsInCurrentOnly>false</hideElementsInCurrentOnly>
<backgroundColor>-16777216</backgroundColor>
<lineWidth>1</lineWidth>
<points>
<point x="806" y="709"/>
<point x="716" y="739"/>
</points>
</Connector>
<Connector class="oracle.dbtools.crest.swingui.logical.TVRelation" oid="9D22AFD0-BF19-6C57-1156-BE51BBEBBDA7" otype="Relation" vid_source="D4410DD0-2991-E651-D32C-B215E92E1FD6" vid_target="87F78465-CF6C-D2CB-C6E4-031C6A66A4BD">
<hideElementsInCurrentOnly>false</hideElementsInCurrentOnly>
<backgroundColor>-16777216</backgroundColor>
<lineWidth>1</lineWidth>
<points>
<point x="1013" y="1564"/>
<point x="1226" y="1564"/>
</points>
</Connector>
<Connector class="oracle.dbtools.crest.swingui.logical.TVRelation" oid="9E36D4D1-769E-F419-6816-A5BCBEA9C5D9" otype="Relation" vid_source="49787DBE-3835-3B1E-8A98-3D7E54C3B9B0" vid_target="F8F8BE4A-D7FE-5848-17D8-2C2EB8C5190A">
<hideElementsInCurrentOnly>false</hideElementsInCurrentOnly>
<backgroundColor>-16777216</backgroundColor>
<lineWidth>1</lineWidth>
<points>
<point x="274" y="1628"/>
<point x="641" y="1849"/>
</points>
</Connector>
<Connector class="oracle.dbtools.crest.swingui.logical.TVRelation" oid="A8AFE4AC-E68E-BE71-6C9E-991DD83746FD" otype="Relation" vid_source="49787DBE-3835-3B1E-8A98-3D7E54C3B9B0" vid_target="AB05632B-BD80-21F3-1A7B-162B2BD479B7">
<hideElementsInCurrentOnly>false</hideElementsInCurrentOnly>
<backgroundColor>-16777216</backgroundColor>
<lineWidth>1</lineWidth>
<points>
<point x="193" y="1628"/>
<point x="193" y="2014"/>
</points>
</Connector>
<Connector class="oracle.dbtools.crest.swingui.logical.TVRelation" oid="AB91B9CC-5BBC-90CA-C5C4-5833E24D34AB" otype="Relation" vid_source="3BF8ED4F-1D4F-C2C4-3AA4-6709706105C1" vid_target="2102DA61-EE71-B796-954C-7CFCAE77C10A">
<hideElementsInCurrentOnly>false</hideElementsInCurrentOnly>
<backgroundColor>-16777216</backgroundColor>
<lineWidth>1</lineWidth>
<points>
<point x="500" y="764"/>
<point x="619" y="818"/>
</points>
</Connector>
<Connector class="oracle.dbtools.crest.swingui.logical.TVRelation" oid="ABAC70FC-C0B5-0942-F9FA-9ABC0E6E296E" otype="Relation" vid_source="31EB7DDE-0284-E674-D67C-5C6269C67E94" vid_target="D9CBD713-4AA2-40DC-4BA7-E95D9704A756">
<hideElementsInCurrentOnly>false</hideElementsInCurrentOnly>
<backgroundColor>-16777216</backgroundColor>
<lineWidth>1</lineWidth>
<points>
<point x="1477" y="1611"/>
<point x="1258" y="1752"/>
</points>
</Connector>
<Connector class="oracle.dbtools.crest.swingui.logical.TVRelation" oid="AC85DDE3-DF70-3F9B-44D5-96B354B522A9" otype="Relation" vid_source="75A8065B-F390-3880-49BF-62896C9B4CBA" vid_target="3BF8ED4F-1D4F-C2C4-3AA4-6709706105C1">
<hideElementsInCurrentOnly>false</hideElementsInCurrentOnly>
<backgroundColor>-16777216</backgroundColor>
<lineWidth>1</lineWidth>
<points>
<point x="828" y="587"/>
<point x="487" y="727"/>
</points>
</Connector>
<Connector class="oracle.dbtools.crest.swingui.logical.TVRelation" oid="AD5EA35A-AD9A-EEF3-1711-6681838C9756" otype="Relation" vid_source="58E45D40-E564-B10D-5A33-B48CA3AD2D2A" vid_target="B59C85C4-6024-45C0-3B03-0617BF27AB77">
<hideElementsInCurrentOnly>false</hideElementsInCurrentOnly>
<backgroundColor>-16777216</backgroundColor>
<lineWidth>1</lineWidth>
<points>
<point x="775" y="1810"/>
<point x="902" y="1810"/>
</points>
</Connector>
<Connector class="oracle.dbtools.crest.swingui.logical.TVRelation" oid="AE58D90F-5288-AC31-DBB5-A244E99308BF" otype="Relation" vid_source="49787DBE-3835-3B1E-8A98-3D7E54C3B9B0" vid_target="BBE70162-97AB-74A1-53BA-98AF49973019">
<hideElementsInCurrentOnly>false</hideElementsInCurrentOnly>
<backgroundColor>-16777216</backgroundColor>
<lineWidth>1</lineWidth>
<points>
<point x="318" y="1612"/>
<point x="588" y="1644"/>
</points>
</Connector>
<Connector class="oracle.dbtools.crest.swingui.logical.TVRelation" oid="B2EFCA6C-3D3C-1855-ED5D-FA48A9FA3510" otype="Relation" vid_source="49787DBE-3835-3B1E-8A98-3D7E54C3B9B0" vid_target="0EAC0348-638B-5343-F4C5-752814A9CAD0">
<hideElementsInCurrentOnly>false</hideElementsInCurrentOnly>
<backgroundColor>-16777216</backgroundColor>
<lineWidth>1</lineWidth>
<points>
<point x="269" y="1628"/>
<point x="269" y="1963"/>
</points>
</Connector>
<Connector class="oracle.dbtools.crest.swingui.logical.TVRelation" oid="B9209A10-5B9B-AEC5-122A-6A3EAC773AA3" otype="Relation" vid_source="4C978D62-D8A5-D21E-4D3B-3229F3B67228" vid_target="0E06B939-5DC0-F361-1D56-3ADCA888B21D">
<hideElementsInCurrentOnly>false</hideElementsInCurrentOnly>
<backgroundColor>-16777216</backgroundColor>
<lineWidth>1</lineWidth>
<points>
<point x="1532" y="831"/>
<point x="1235" y="1157"/>
</points>
</Connector>
<Connector class="oracle.dbtools.crest.swingui.logical.TVRelation" oid="C3DE7AEA-6327-3AD4-50CC-6E74B3D07A6D" otype="Relation" vid_source="015B4B89-DA1F-FB76-0B83-232BCB198442" vid_target="B59C85C4-6024-45C0-3B03-0617BF27AB77">
<hideElementsInCurrentOnly>false</hideElementsInCurrentOnly>
<backgroundColor>-16777216</backgroundColor>
<lineWidth>1</lineWidth>
<points>
<point x="1144" y="1812"/>
<point x="1042" y="1812"/>
</points>
</Connector>
<Connector class="oracle.dbtools.crest.swingui.logical.TVRelation" oid="CB41156A-F899-25D0-66DC-8945896254A3" otype="Relation" vid_source="4AB83823-5ED1-B693-5649-70F00D6ACBEC" vid_target="E94D7985-D640-8A1D-0029-B7508113DA3B">
<hideElementsInCurrentOnly>false</hideElementsInCurrentOnly>
<backgroundColor>-16777216</backgroundColor>
<lineWidth>1</lineWidth>
<points>
<point x="931" y="857"/>
<point x="1060" y="857"/>
</points>
</Connector>
<Connector class="oracle.dbtools.crest.swingui.logical.TVRelation" oid="D13DDA0F-71D8-4308-1027-A16790A1B5C1" otype="Relation" vid_source="31EB7DDE-0284-E674-D67C-5C6269C67E94" vid_target="E747AC0C-3165-B71B-70C1-1B62E0A542C4">
<hideElementsInCurrentOnly>false</hideElementsInCurrentOnly>
<backgroundColor>-16777216</backgroundColor>
<lineWidth>1</lineWidth>
<points>
<point x="1477" y="1602"/>
<point x="1240" y="1648"/>
</points>
</Connector>
<Connector class="oracle.dbtools.crest.swingui.logical.TVRelation" oid="D17949B6-19DC-2A2A-66F1-264830234625" otype="Relation" vid_source="B468B386-75E9-07D7-D62C-95F9F6EA1A09" vid_target="BB94ED32-E4E9-87D8-A888-BBF04E36A8D5">
<hideElementsInCurrentOnly>false</hideElementsInCurrentOnly>
<backgroundColor>-16777216</backgroundColor>
<lineWidth>1</lineWidth>
<points>
<point x="699" y="423"/>
<point x="742" y="423"/>
</points>
</Connector>
<Connector class="oracle.dbtools.crest.swingui.logical.TVRelation" oid="D2842F9D-3ED9-A629-D896-341B0B01ABAF" otype="Relation" vid_source="8C4CA69A-459E-4161-14B5-44DBD17CC81C" vid_target="C9185704-D4F1-9EBC-B567-5229887DFE29">
<hideElementsInCurrentOnly>false</hideElementsInCurrentOnly>
<backgroundColor>-16777216</backgroundColor>
<lineWidth>1</lineWidth>
<points>
<point x="606" y="1175"/>
<point x="730" y="1175"/>
</points>
</Connector>
<Connector class="oracle.dbtools.crest.swingui.logical.TVRelation" oid="D77A119C-7552-5741-2ACC-2C9D3259E078" otype="Relation" vid_source="B65A585E-8185-F5AF-D347-7FBC4E9F9AEA" vid_target="2B64F232-B1BA-CFBA-B942-2DE4E5D21FE5">
<hideElementsInCurrentOnly>false</hideElementsInCurrentOnly>
<backgroundColor>-16777216</backgroundColor>
<lineWidth>1</lineWidth>
<points>
<point x="840" y="1419"/>
<point x="725" y="1419"/>
</points>
</Connector>
<Connector class="oracle.dbtools.crest.swingui.logical.TVRelation" oid="DC1F3FE0-033C-546A-A4DB-8402CCAF7059" otype="Relation" vid_source="A5B985B7-EA01-CB6D-8837-F69894D5B9AD" vid_target="4C978D62-D8A5-D21E-4D3B-3229F3B67228">
<hideElementsInCurrentOnly>false</hideElementsInCurrentOnly>
<backgroundColor>-16777216</backgroundColor>
<lineWidth>1</lineWidth>
<points>
<point x="1559" y="703"/>
<point x="1559" y="751"/>
</points>
</Connector>
<Connector class="oracle.dbtools.crest.swingui.logical.TVRelation" oid="E0702BA9-6DA6-C208-747E-FFDB92BEB1CD" otype="Relation" vid_source="4C978D62-D8A5-D21E-4D3B-3229F3B67228" vid_target="36486309-DC94-A0B5-1B21-52A942BF27B9">
<hideElementsInCurrentOnly>false</hideElementsInCurrentOnly>
<backgroundColor>-16777216</backgroundColor>
<lineWidth>1</lineWidth>
<points>
<point x="1518" y="765"/>
<point x="1211" y="613"/>
</points>
</Connector>
<Connector class="oracle.dbtools.crest.swingui.logical.TVRelation" oid="E556225C-46F5-1834-CFC4-2AAF41F8361E" otype="Relation" vid_source="49787DBE-3835-3B1E-8A98-3D7E54C3B9B0" vid_target="07F2A4AE-8E90-BB34-09F7-9B42E8566778">
<hideElementsInCurrentOnly>false</hideElementsInCurrentOnly>
<backgroundColor>-16777216</backgroundColor>
<lineWidth>1</lineWidth>
<points>
<point x="318" y="1596"/>
<point x="544" y="1596"/>
</points>
</Connector>
<Connector class="oracle.dbtools.crest.swingui.logical.TVRelation" oid="E8724ED1-DEB4-ECCB-DE8F-4E7AF60DE549" otype="Relation" vid_source="31EB7DDE-0284-E674-D67C-5C6269C67E94" vid_target="AAF1C522-2EC8-92B9-4DAC-0176B2CC2D10">
<hideElementsInCurrentOnly>false</hideElementsInCurrentOnly>
<backgroundColor>-16777216</backgroundColor>
<lineWidth>1</lineWidth>
<points>
<point x="1505" y="1636"/>
<point x="1382" y="2000"/>
</points>
</Connector>
<Connector class="oracle.dbtools.crest.swingui.logical.TVRelation" oid="EE952304-197B-6225-9C5E-86AD434F0F51" otype="Relation" vid_source="49787DBE-3835-3B1E-8A98-3D7E54C3B9B0" vid_target="B0518E0D-5CB1-32BB-84C6-054D38D8969B">
<hideElementsInCurrentOnly>false</hideElementsInCurrentOnly>
<backgroundColor>-16777216</backgroundColor>
<lineWidth>1</lineWidth>
<points>
<point x="257" y="1578"/>
<point x="812" y="1021"/>
</points>
</Connector>
<Connector class="oracle.dbtools.crest.swingui.logical.TVRelation" oid="F2981FB0-AA7B-0C39-0319-3942392785EC" otype="Relation" vid_source="D78C5B90-C612-931F-58AC-D5C696F96D5E" vid_target="BB94ED32-E4E9-87D8-A888-BBF04E36A8D5">
<hideElementsInCurrentOnly>false</hideElementsInCurrentOnly>
<backgroundColor>-16777216</backgroundColor>
<lineWidth>1</lineWidth>
<points>
<point x="696" y="378"/>
<point x="742" y="378"/>
</points>
</Connector>
<Connector class="oracle.dbtools.crest.swingui.logical.TVRelation" oid="F5CC3DC8-F6D5-CE87-36C4-8398220EA06B" otype="Relation" vid_source="B0518E0D-5CB1-32BB-84C6-054D38D8969B" vid_target="B2363610-F0DE-3035-5B91-1D8D260A65AA">
<hideElementsInCurrentOnly>false</hideElementsInCurrentOnly>
<backgroundColor>-16777216</backgroundColor>
<lineWidth>1</lineWidth>
<points>
<point x="929" y="977"/>
<point x="1070" y="977"/>
</points>
</Connector>
<Connector class="oracle.dbtools.crest.swingui.logical.TVRelation" oid="FAA76ACE-D3DE-F0BB-EBE0-F09167196560" otype="Relation" vid_source="49787DBE-3835-3B1E-8A98-3D7E54C3B9B0" vid_target="DBAD3CEE-8FFD-753E-5744-C547637A1E19">
<hideElementsInCurrentOnly>false</hideElementsInCurrentOnly>
<backgroundColor>-16777216</backgroundColor>
<lineWidth>1</lineWidth>
<points>
<point x="318" y="1582"/>
<point x="544" y="1527"/>
</points>
</Connector>
<Connector class="oracle.dbtools.crest.swingui.logical.TVRelation" oid="FD4FA242-6F42-153B-3F6F-DB9EC9D8A9F5" otype="Relation" vid_source="B65A585E-8185-F5AF-D347-7FBC4E9F9AEA" vid_target="DBAD3CEE-8FFD-753E-5744-C547637A1E19">
<hideElementsInCurrentOnly>false</hideElementsInCurrentOnly>
<backgroundColor>-16777216</backgroundColor>
<lineWidth>1</lineWidth>
<points>
<point x="840" y="1437"/>
<point x="691" y="1486"/>
</points>
</Connector>
</connectors>
</Diagram>